event_date,checked_at,intervalo_s
2026-08-11,2026-08-11 13:10:01.358000-03:00,2.299
2026-08-11,2026-08-11 13:10:03.913000-03:00,2.555
2026-08-11,2026-08-11 13:10:06.880000-03:00,2.967
2026-08-11,2026-08-11 13:10:09.297000-03:00,2.417
2026-08-11,2026-08-11 13:10:12.890000-03:00,3.593
2026-08-11,2026-08-11 13:10:31.993000-03:00,19.103
2026-08-11,2026-08-11 13:10:37.934000-03:00,5.941
2026-08-11,2026-08-11 13:10:41.148000-03:00,3.214
2026-08-11,2026-08-11 13:10:43.288000-03:00,2.14
2026-08-11,2026-08-11 13:10:45.727000-03:00,2.439
2026-08-11,2026-08-11 13:10:48.482000-03:00,2.755
2026-08-11,2026-08-11 13:10:50.884000-03:00,2.402
2026-08-11,2026-08-11 13:10:51.890000-03:00,1.006
2026-08-11,2026-08-11 13:10:56.828000-03:00,4.938
2026-08-11,2026-08-11 13:11:14.222000-03:00,17.394
2026-08-11,2026-08-11 13:11:17.636000-03:00,3.414
2026-08-11,2026-08-11 13:11:21.619000-03:00,3.983
2026-08-11,2026-08-11 13:11:23.372000-03:00,1.753
2026-08-11,2026-08-11 13:11:37.243000-03:00,13.871
2026-08-11,2026-08-11 13:11:44.452000-03:00,7.209
2026-08-11,2026-08-11 13:11:47.152000-03:00,2.7
2026-08-11,2026-08-11 13:11:49.385000-03:00,2.233
2026-08-11,2026-08-11 13:11:52.025000-03:00,2.64
2026-08-11,2026-08-11 13:11:54.643000-03:00,2.618
2026-08-11,2026-08-11 13:11:57.550000-03:00,2.907
2026-08-11,2026-08-11 13:11:59.750000-03:00,2.2
2026-08-11,2026-08-11 13:12:02.748000-03:00,2.998
2026-08-11,2026-08-11 13:12:05.361000-03:00,2.613
2026-08-11,2026-08-11 13:12:07.880000-03:00,2.519
2026-08-11,2026-08-11 13:12:12.227000-03:00,4.347
2026-08-11,2026-08-11 13:12:15.003000-03:00,2.776
2026-08-11,2026-08-11 13:12:17.759000-03:00,2.756
2026-08-11,2026-08-11 13:12:20.969000-03:00,3.21
2026-08-11,2026-08-11 13:12:24.051000-03:00,3.082
2026-08-11,2026-08-11 13:12:27.027000-03:00,2.976
2026-08-11,2026-08-11 13:12:31.349000-03:00,4.322
2026-08-11,2026-08-11 13:12:34.952000-03:00,3.603
2026-08-11,2026-08-11 13:12:37.407000-03:00,2.455
2026-08-11,2026-08-11 13:12:40.081000-03:00,2.674
2026-08-11,2026-08-11 13:12:43.576000-03:00,3.495
2026-08-11,2026-08-11 13:12:48.101000-03:00,4.525
2026-08-11,2026-08-11 13:12:51.951000-03:00,3.85
2026-08-11,2026-08-11 13:12:54.649000-03:00,2.698
2026-08-11,2026-08-11 13:13:01.095000-03:00,6.446
2026-08-11,2026-08-11 13:13:03.829000-03:00,2.734
2026-08-11,2026-08-11 13:13:06.944000-03:00,3.115
2026-08-11,2026-08-11 13:13:11.404000-03:00,4.46
2026-08-11,2026-08-11 13:13:14.580000-03:00,3.176
2026-08-11,2026-08-11 13:13:17.903000-03:00,3.323
2026-08-11,2026-08-11 13:13:21.234000-03:00,3.331
2026-08-11,2026-08-11 13:13:24.114000-03:00,2.88
2026-08-11,2026-08-11 13:13:29.915000-03:00,5.801
2026-08-11,2026-08-11 13:13:42.219000-03:00,12.304
2026-08-11,2026-08-11 13:13:45.416000-03:00,3.197
2026-08-11,2026-08-11 13:13:48.110000-03:00,2.694
2026-08-11,2026-08-11 13:13:52.431000-03:00,4.321
2026-08-11,2026-08-11 13:13:56.080000-03:00,3.649
2026-08-11,2026-08-11 13:13:58.601000-03:00,2.521
2026-08-11,2026-08-11 13:14:01.095000-03:00,2.494
2026-08-11,2026-08-11 13:14:08.053000-03:00,6.958
2026-08-11,2026-08-11 13:14:11.526000-03:00,3.473
2026-08-11,2026-08-11 13:14:13.563000-03:00,2.037
2026-08-11,2026-08-11 13:14:16.280000-03:00,2.717
2026-08-11,2026-08-11 13:14:17.985000-03:00,1.705
2026-08-11,2026-08-11 13:14:20.866000-03:00,2.881
2026-08-11,2026-08-11 13:14:23.668000-03:00,2.802
2026-08-11,2026-08-11 13:14:26.557000-03:00,2.889
2026-08-11,2026-08-11 13:14:30.709000-03:00,4.152
2026-08-11,2026-08-11 13:14:34.130000-03:00,3.421
2026-08-11,2026-08-11 13:14:38.894000-03:00,4.764
2026-08-11,2026-08-11 13:14:48.986000-03:00,10.092
2026-08-11,2026-08-11 13:14:51.602000-03:00,2.616
2026-08-11,2026-08-11 13:14:53.784000-03:00,2.182
2026-08-11,2026-08-11 13:14:57.720000-03:00,3.936
2026-08-11,2026-08-11 13:15:01.886000-03:00,4.166
2026-08-11,2026-08-11 13:15:05.603000-03:00,3.717
2026-08-11,2026-08-11 13:15:07.244000-03:00,1.641
2026-08-11,2026-08-11 13:15:09.771000-03:00,2.527
2026-08-11,2026-08-11 13:15:14.120000-03:00,4.349
2026-08-11,2026-08-11 13:15:21.843000-03:00,7.723
2026-08-11,2026-08-11 13:15:24.702000-03:00,2.859
2026-08-11,2026-08-11 13:15:26.971000-03:00,2.269
2026-08-11,2026-08-11 13:15:30.790000-03:00,3.819
2026-08-11,2026-08-11 13:15:37.944000-03:00,7.154
2026-08-11,2026-08-11 13:15:40.645000-03:00,2.701
2026-08-11,2026-08-11 13:15:42.262000-03:00,1.617
2026-08-11,2026-08-11 13:15:47.339000-03:00,5.077
2026-08-11,2026-08-11 13:15:51.732000-03:00,4.393
2026-08-11,2026-08-11 13:15:54.264000-03:00,2.532
2026-08-11,2026-08-11 13:15:56.837000-03:00,2.573
2026-08-11,2026-08-11 13:16:01.798000-03:00,4.961
2026-08-11,2026-08-11 13:16:03.687000-03:00,1.889
2026-08-11,2026-08-11 13:16:12.786000-03:00,9.099
2026-08-11,2026-08-11 13:16:14.953000-03:00,2.167
2026-08-11,2026-08-11 13:16:17.904000-03:00,2.951
2026-08-11,2026-08-11 13:16:19.408000-03:00,1.504
2026-08-11,2026-08-11 13:16:24.541000-03:00,5.133
2026-08-11,2026-08-11 13:16:27.827000-03:00,3.286
2026-08-11,2026-08-11 13:16:30.445000-03:00,2.618
2026-08-11,2026-08-11 13:16:33.402000-03:00,2.957
2026-08-11,2026-08-11 13:16:35.672000-03:00,2.27
2026-08-11,2026-08-11 13:16:39.039000-03:00,3.367
2026-08-11,2026-08-11 13:16:41.546000-03:00,2.507
2026-08-11,2026-08-11 13:16:54.657000-03:00,13.111
2026-08-11,2026-08-11 13:16:57.809000-03:00,3.152
2026-08-11,2026-08-11 13:17:01.682000-03:00,3.873
2026-08-11,2026-08-11 13:17:15.152000-03:00,13.47
2026-08-11,2026-08-11 13:17:17.931000-03:00,2.779
2026-08-11,2026-08-11 13:17:20.713000-03:00,2.782
2026-08-11,2026-08-11 13:17:23.269000-03:00,2.556
2026-08-11,2026-08-11 13:17:25.862000-03:00,2.593
2026-08-11,2026-08-11 13:17:34.028000-03:00,8.166
2026-08-11,2026-08-11 13:17:36.940000-03:00,2.912
2026-08-11,2026-08-11 13:17:39.601000-03:00,2.661
2026-08-11,2026-08-11 13:17:44.691000-03:00,5.09
2026-08-11,2026-08-11 13:17:48.029000-03:00,3.338
2026-08-11,2026-08-11 13:17:50.472000-03:00,2.443
2026-08-11,2026-08-11 13:17:53.458000-03:00,2.986
2026-08-11,2026-08-11 13:17:56.212000-03:00,2.754
2026-08-11,2026-08-11 13:17:59.641000-03:00,3.429
2026-08-11,2026-08-11 13:18:02.031000-03:00,2.39
2026-08-11,2026-08-11 13:18:04.553000-03:00,2.522
2026-08-11,2026-08-11 13:18:06.832000-03:00,2.279
2026-08-11,2026-08-11 13:18:10.746000-03:00,3.914
2026-08-11,2026-08-11 13:18:13.421000-03:00,2.675
2026-08-11,2026-08-11 13:18:32.494000-03:00,19.073
2026-08-11,2026-08-11 13:18:42.113000-03:00,9.619
2026-08-11,2026-08-11 13:18:43.700000-03:00,1.587
2026-08-11,2026-08-11 13:18:51.549000-03:00,7.849
2026-08-11,2026-08-11 13:18:54.509000-03:00,2.96
2026-08-11,2026-08-11 13:19:02.097000-03:00,7.588
2026-08-11,2026-08-11 13:19:04.652000-03:00,2.555
2026-08-11,2026-08-11 13:19:07.568000-03:00,2.916
2026-08-11,2026-08-11 13:19:15.378000-03:00,7.81
2026-08-11,2026-08-11 13:19:17.807000-03:00,2.429
2026-08-11,2026-08-11 13:19:20.458000-03:00,2.651
2026-08-11,2026-08-11 13:19:24.517000-03:00,4.059
2026-08-11,2026-08-11 13:19:27.508000-03:00,2.991
2026-08-11,2026-08-11 13:19:31.953000-03:00,4.445
2026-08-11,2026-08-11 13:19:37.396000-03:00,5.443
2026-08-11,2026-08-11 13:19:41.030000-03:00,3.634
2026-08-11,2026-08-11 13:19:43.430000-03:00,2.4
2026-08-11,2026-08-11 13:19:46.888000-03:00,3.458
2026-08-11,2026-08-11 13:19:50.237000-03:00,3.349
2026-08-13,2026-08-13 13:10:02.058000-03:00,2.609
2026-08-13,2026-08-13 13:10:06.050000-03:00,3.992
2026-08-13,2026-08-13 13:10:08.715000-03:00,2.665
2026-08-13,2026-08-13 13:10:20.782000-03:00,12.067
2026-08-13,2026-08-13 13:10:23.728000-03:00,2.946
2026-08-13,2026-08-13 13:10:28.161000-03:00,4.433
2026-08-13,2026-08-13 13:10:30.386000-03:00,2.225
2026-08-13,2026-08-13 13:10:33.504000-03:00,3.118
2026-08-13,2026-08-13 13:10:43.687000-03:00,10.183
2026-08-13,2026-08-13 13:10:48.676000-03:00,4.989
2026-08-13,2026-08-13 13:10:53.048000-03:00,4.372
2026-08-13,2026-08-13 13:10:55.591000-03:00,2.543
2026-08-13,2026-08-13 13:11:02.280000-03:00,6.689
2026-08-13,2026-08-13 13:11:05.802000-03:00,3.522
2026-08-13,2026-08-13 13:11:09.380000-03:00,3.578
2026-08-13,2026-08-13 13:11:11.840000-03:00,2.46
2026-08-13,2026-08-13 13:11:16.084000-03:00,4.244
2026-08-13,2026-08-13 13:11:22.458000-03:00,6.374
2026-08-13,2026-08-13 13:11:25.150000-03:00,2.692
2026-08-13,2026-08-13 13:11:26.858000-03:00,1.708
2026-08-13,2026-08-13 13:11:30.147000-03:00,3.289
2026-08-13,2026-08-13 13:11:37.183000-03:00,7.036
2026-08-13,2026-08-13 13:11:40.576000-03:00,3.393
2026-08-13,2026-08-13 13:11:45.272000-03:00,4.696
2026-08-13,2026-08-13 13:11:48.503000-03:00,3.231
2026-08-13,2026-08-13 13:11:56.391000-03:00,7.888
2026-08-13,2026-08-13 13:12:00.333000-03:00,3.942
2026-08-13,2026-08-13 13:12:03.072000-03:00,2.739
2026-08-13,2026-08-13 13:12:07.287000-03:00,4.215
2026-08-13,2026-08-13 13:12:10.045000-03:00,2.758
2026-08-13,2026-08-13 13:12:15.299000-03:00,5.254
2026-08-13,2026-08-13 13:12:18.286000-03:00,2.987
2026-08-13,2026-08-13 13:12:22.276000-03:00,3.99
2026-08-13,2026-08-13 13:12:25.211000-03:00,2.935
2026-08-13,2026-08-13 13:12:32.899000-03:00,7.688
2026-08-13,2026-08-13 13:12:41.899000-03:00,9.0
2026-08-13,2026-08-13 13:12:45.390000-03:00,3.491
2026-08-13,2026-08-13 13:12:49.011000-03:00,3.621
2026-08-13,2026-08-13 13:12:56.427000-03:00,7.416
2026-08-13,2026-08-13 13:13:02.910000-03:00,6.483
2026-08-13,2026-08-13 13:13:12.156000-03:00,9.246
2026-08-13,2026-08-13 13:13:23.814000-03:00,11.658
2026-08-13,2026-08-13 13:13:32.951000-03:00,9.137
2026-08-13,2026-08-13 13:13:36.669000-03:00,3.718
2026-08-13,2026-08-13 13:13:39.136000-03:00,2.467
2026-08-13,2026-08-13 13:13:43.360000-03:00,4.224
2026-08-13,2026-08-13 13:13:55.099000-03:00,11.739
2026-08-13,2026-08-13 13:13:59.522000-03:00,4.423
2026-08-13,2026-08-13 13:14:06.108000-03:00,6.586
2026-08-13,2026-08-13 13:14:10.323000-03:00,4.215
2026-08-13,2026-08-13 13:14:13.524000-03:00,3.201
2026-08-13,2026-08-13 13:14:17.648000-03:00,4.124
2026-08-13,2026-08-13 13:14:19.971000-03:00,2.323
2026-08-13,2026-08-13 13:14:23.660000-03:00,3.689
2026-08-13,2026-08-13 13:14:27.299000-03:00,3.639
2026-08-13,2026-08-13 13:14:30.356000-03:00,3.057
2026-08-13,2026-08-13 13:14:33.702000-03:00,3.346
2026-08-13,2026-08-13 13:14:36.313000-03:00,2.611
2026-08-13,2026-08-13 13:14:38.446000-03:00,2.133
2026-08-13,2026-08-13 13:14:40.759000-03:00,2.313
2026-08-13,2026-08-13 13:14:44.164000-03:00,3.405
2026-08-13,2026-08-13 13:14:46.700000-03:00,2.536
2026-08-13,2026-08-13 13:14:49.597000-03:00,2.897
2026-08-13,2026-08-13 13:14:52.669000-03:00,3.072
2026-08-13,2026-08-13 13:14:55.742000-03:00,3.073
2026-08-13,2026-08-13 13:14:58.850000-03:00,3.108
2026-08-13,2026-08-13 13:15:01.762000-03:00,2.912
2026-08-13,2026-08-13 13:15:03.989000-03:00,2.227
2026-08-13,2026-08-13 13:15:06.334000-03:00,2.345
2026-08-13,2026-08-13 13:15:09.777000-03:00,3.443
2026-08-13,2026-08-13 13:15:16.307000-03:00,6.53
2026-08-13,2026-08-13 13:15:19.699000-03:00,3.392
2026-08-13,2026-08-13 13:15:21.386000-03:00,1.687
2026-08-13,2026-08-13 13:15:23.973000-03:00,2.587
2026-08-13,2026-08-13 13:15:27.603000-03:00,3.63
2026-08-13,2026-08-13 13:15:30.293000-03:00,2.69
2026-08-13,2026-08-13 13:15:32.802000-03:00,2.509
2026-08-13,2026-08-13 13:15:34.536000-03:00,1.734
2026-08-13,2026-08-13 13:15:38.171000-03:00,3.635
2026-08-13,2026-08-13 13:15:49.303000-03:00,11.132
2026-08-13,2026-08-13 13:15:53.656000-03:00,4.353
2026-08-13,2026-08-13 13:15:56.677000-03:00,3.021
2026-08-13,2026-08-13 13:16:08.545000-03:00,11.868
2026-08-13,2026-08-13 13:16:14.252000-03:00,5.707
2026-08-13,2026-08-13 13:16:18.917000-03:00,4.665
2026-08-13,2026-08-13 13:16:24.178000-03:00,5.261
2026-08-13,2026-08-13 13:16:27.494000-03:00,3.316
2026-08-13,2026-08-13 13:16:30.221000-03:00,2.727
2026-08-13,2026-08-13 13:16:32.623000-03:00,2.402
2026-08-13,2026-08-13 13:16:35.514000-03:00,2.891
2026-08-13,2026-08-13 13:16:37.458000-03:00,1.944
2026-08-13,2026-08-13 13:16:40.244000-03:00,2.786
2026-08-13,2026-08-13 13:16:42.937000-03:00,2.693
2026-08-13,2026-08-13 13:16:45.442000-03:00,2.505
2026-08-13,2026-08-13 13:16:49.723000-03:00,4.281
2026-08-13,2026-08-13 13:16:52.855000-03:00,3.132
2026-08-13,2026-08-13 13:16:55.743000-03:00,2.888
2026-08-13,2026-08-13 13:16:58.189000-03:00,2.446
2026-08-13,2026-08-13 13:17:00.100000-03:00,1.911
2026-08-13,2026-08-13 13:17:02.334000-03:00,2.234
2026-08-13,2026-08-13 13:17:06.788000-03:00,4.454
2026-08-13,2026-08-13 13:17:11.552000-03:00,4.764
2026-08-13,2026-08-13 13:17:14.370000-03:00,2.818
2026-08-13,2026-08-13 13:17:17.803000-03:00,3.433
2026-08-13,2026-08-13 13:17:20.794000-03:00,2.991
2026-08-13,2026-08-13 13:17:23.214000-03:00,2.42
2026-08-13,2026-08-13 13:17:26.036000-03:00,2.822
2026-08-13,2026-08-13 13:17:28.746000-03:00,2.71
2026-08-13,2026-08-13 13:17:31.016000-03:00,2.27
2026-08-13,2026-08-13 13:17:35.384000-03:00,4.368
2026-08-13,2026-08-13 13:17:40.017000-03:00,4.633
2026-08-13,2026-08-13 13:17:45.301000-03:00,5.284
2026-08-13,2026-08-13 13:17:48.148000-03:00,2.847
2026-08-13,2026-08-13 13:17:50.409000-03:00,2.261
2026-08-13,2026-08-13 13:17:53.310000-03:00,2.901
2026-08-13,2026-08-13 13:17:55.926000-03:00,2.616
2026-08-13,2026-08-13 13:17:58.296000-03:00,2.37
2026-08-13,2026-08-13 13:18:01.127000-03:00,2.831
2026-08-13,2026-08-13 13:18:03.707000-03:00,2.58
2026-08-13,2026-08-13 13:18:06.304000-03:00,2.597
2026-08-13,2026-08-13 13:18:09.399000-03:00,3.095
2026-08-13,2026-08-13 13:18:11.709000-03:00,2.31
2026-08-13,2026-08-13 13:18:14.375000-03:00,2.666
2026-08-13,2026-08-13 13:18:16.865000-03:00,2.49
2026-08-13,2026-08-13 13:18:20.468000-03:00,3.603
2026-08-13,2026-08-13 13:18:22.747000-03:00,2.279
2026-08-13,2026-08-13 13:18:25.321000-03:00,2.574
2026-08-13,2026-08-13 13:18:28.530000-03:00,3.209
2026-08-13,2026-08-13 13:18:31.742000-03:00,3.212
2026-08-13,2026-08-13 13:18:34.407000-03:00,2.665
2026-08-13,2026-08-13 13:18:38.469000-03:00,4.062
2026-08-13,2026-08-13 13:18:43.048000-03:00,4.579
2026-08-13,2026-08-13 13:18:46.555000-03:00,3.507
2026-08-13,2026-08-13 13:18:50.545000-03:00,3.99
2026-08-13,2026-08-13 13:18:53.801000-03:00,3.256
2026-08-13,2026-08-13 13:18:56.460000-03:00,2.659
2026-08-13,2026-08-13 13:19:00.976000-03:00,4.516
2026-08-13,2026-08-13 13:19:04.705000-03:00,3.729
2026-08-13,2026-08-13 13:19:07.669000-03:00,2.964
2026-08-13,2026-08-13 13:19:10.466000-03:00,2.797
2026-08-13,2026-08-13 13:19:13.377000-03:00,2.911
2026-08-13,2026-08-13 13:19:18.098000-03:00,4.721
2026-08-13,2026-08-13 13:19:23.142000-03:00,5.044
2026-08-13,2026-08-13 13:19:47.091000-03:00,23.949
2026-08-13,2026-08-13 13:19:52.937000-03:00,5.846
2026-08-13,2026-08-13 13:19:57.222000-03:00,4.285
2026-08-18,2026-08-18 13:00:13.425000-03:00,24.023
2026-08-18,2026-08-18 13:00:17.491000-03:00,4.066
2026-08-18,2026-08-18 13:00:21.146000-03:00,3.655
2026-08-18,2026-08-18 13:00:24.515000-03:00,3.369
2026-08-18,2026-08-18 13:00:27.310000-03:00,2.795
2026-08-18,2026-08-18 13:00:30.076000-03:00,2.766
2026-08-18,2026-08-18 13:00:32.920000-03:00,2.844
2026-08-18,2026-08-18 13:00:39.203000-03:00,6.283
2026-08-18,2026-08-18 13:00:41.965000-03:00,2.762
2026-08-18,2026-08-18 13:00:43.824000-03:00,1.859
2026-08-18,2026-08-18 13:00:46.779000-03:00,2.955
2026-08-18,2026-08-18 13:00:49.525000-03:00,2.746
2026-08-18,2026-08-18 13:00:52.190000-03:00,2.665
2026-08-18,2026-08-18 13:00:55.372000-03:00,3.182
2026-08-18,2026-08-18 13:00:59.258000-03:00,3.886
2026-08-18,2026-08-18 13:01:08.170000-03:00,8.912
2026-08-18,2026-08-18 13:01:11.848000-03:00,3.678
2026-08-18,2026-08-18 13:01:13.756000-03:00,1.908
2026-08-18,2026-08-18 13:01:18.081000-03:00,4.325
2026-08-18,2026-08-18 13:01:45.395000-03:00,27.314
2026-08-18,2026-08-18 13:01:50.740000-03:00,5.345
2026-08-18,2026-08-18 13:01:53.869000-03:00,3.129
2026-08-18,2026-08-18 13:01:58.640000-03:00,4.771
2026-08-18,2026-08-18 13:02:01.468000-03:00,2.828
2026-08-18,2026-08-18 13:02:03.632000-03:00,2.164
2026-08-18,2026-08-18 13:02:06.509000-03:00,2.877
2026-08-18,2026-08-18 13:02:11.350000-03:00,4.841
2026-08-18,2026-08-18 13:02:15.551000-03:00,4.201
2026-08-18,2026-08-18 13:02:18.805000-03:00,3.254
2026-08-18,2026-08-18 13:02:20.786000-03:00,1.981
2026-08-18,2026-08-18 13:02:23.946000-03:00,3.16
2026-08-18,2026-08-18 13:02:27.378000-03:00,3.432
2026-08-18,2026-08-18 13:02:30.825000-03:00,3.447
2026-08-18,2026-08-18 13:02:33.489000-03:00,2.664
2026-08-18,2026-08-18 13:02:38.401000-03:00,4.912
2026-08-18,2026-08-18 13:02:41.472000-03:00,3.071
2026-08-18,2026-08-18 13:02:43.849000-03:00,2.377
2026-08-18,2026-08-18 13:02:49.916000-03:00,6.067
2026-08-18,2026-08-18 13:02:53.559000-03:00,3.643
2026-08-18,2026-08-18 13:02:56.366000-03:00,2.807
2026-08-18,2026-08-18 13:02:59.116000-03:00,2.75
2026-08-18,2026-08-18 13:03:02.116000-03:00,3.0
2026-08-18,2026-08-18 13:03:04.092000-03:00,1.976
2026-08-18,2026-08-18 13:03:09.236000-03:00,5.144
2026-08-18,2026-08-18 13:03:13.148000-03:00,3.912
2026-08-18,2026-08-18 13:03:15.997000-03:00,2.849
2026-08-18,2026-08-18 13:03:21.292000-03:00,5.295
2026-08-18,2026-08-18 13:03:29.633000-03:00,8.341
2026-08-18,2026-08-18 13:03:31.478000-03:00,1.845
2026-08-18,2026-08-18 13:03:35.923000-03:00,4.445
2026-08-18,2026-08-18 13:03:39.253000-03:00,3.33
2026-08-18,2026-08-18 13:03:42.546000-03:00,3.293
2026-08-18,2026-08-18 13:03:45.344000-03:00,2.798
2026-08-18,2026-08-18 13:03:47.967000-03:00,2.623
2026-08-18,2026-08-18 13:03:54.747000-03:00,6.78
2026-08-18,2026-08-18 13:03:56.907000-03:00,2.16
2026-08-18,2026-08-18 13:04:01.030000-03:00,4.123
2026-08-18,2026-08-18 13:04:05.675000-03:00,4.645
2026-08-18,2026-08-18 13:04:08.698000-03:00,3.023
2026-08-18,2026-08-18 13:04:11.774000-03:00,3.076
2026-08-18,2026-08-18 13:04:14.973000-03:00,3.199
2026-08-18,2026-08-18 13:04:17.516000-03:00,2.543
2026-08-18,2026-08-18 13:04:19.253000-03:00,1.737
2026-08-18,2026-08-18 13:04:21.552000-03:00,2.299
2026-08-18,2026-08-18 13:04:24.214000-03:00,2.662
2026-08-18,2026-08-18 13:04:27.619000-03:00,3.405
2026-08-18,2026-08-18 13:04:30.425000-03:00,2.806
2026-08-18,2026-08-18 13:04:35.512000-03:00,5.087
2026-08-18,2026-08-18 13:04:38.067000-03:00,2.555
2026-08-18,2026-08-18 13:04:40.670000-03:00,2.603
2026-08-18,2026-08-18 13:04:42.629000-03:00,1.959
2026-08-18,2026-08-18 13:04:45.343000-03:00,2.714
2026-08-18,2026-08-18 13:04:47.918000-03:00,2.575
2026-08-18,2026-08-18 13:04:52.846000-03:00,4.928
2026-08-18,2026-08-18 13:04:55.877000-03:00,3.031
2026-08-18,2026-08-18 13:04:58.343000-03:00,2.466
2026-08-18,2026-08-18 13:05:01.025000-03:00,2.682
2026-08-18,2026-08-18 13:05:02.933000-03:00,1.908
2026-08-18,2026-08-18 13:05:06.879000-03:00,3.946
2026-08-18,2026-08-18 13:05:11.045000-03:00,4.166
2026-08-18,2026-08-18 13:05:20.167000-03:00,9.122
2026-08-18,2026-08-18 13:05:23.616000-03:00,3.449
2026-08-18,2026-08-18 13:05:27.487000-03:00,3.871
2026-08-18,2026-08-18 13:05:30.159000-03:00,2.672
2026-08-18,2026-08-18 13:05:33.463000-03:00,3.304
2026-08-18,2026-08-18 13:05:35.841000-03:00,2.378
2026-08-18,2026-08-18 13:05:38.867000-03:00,3.026
2026-08-18,2026-08-18 13:05:42.701000-03:00,3.834
2026-08-18,2026-08-18 13:05:46.041000-03:00,3.34
2026-08-18,2026-08-18 13:05:47.813000-03:00,1.772
2026-08-18,2026-08-18 13:05:50.952000-03:00,3.139
2026-08-18,2026-08-18 13:05:53.298000-03:00,2.346
2026-08-18,2026-08-18 13:05:57.116000-03:00,3.818
2026-08-18,2026-08-18 13:05:59.896000-03:00,2.78
2026-08-18,2026-08-18 13:06:03.633000-03:00,3.737
2026-08-18,2026-08-18 13:06:06.291000-03:00,2.658
2026-08-18,2026-08-18 13:06:09.965000-03:00,3.674
2026-08-18,2026-08-18 13:06:12.811000-03:00,2.846
2026-08-18,2026-08-18 13:06:15.498000-03:00,2.687
2026-08-18,2026-08-18 13:06:18.806000-03:00,3.308
2026-08-18,2026-08-18 13:06:35.319000-03:00,16.513
2026-08-18,2026-08-18 13:06:39.759000-03:00,4.44
2026-08-18,2026-08-18 13:06:43.071000-03:00,3.312
2026-08-18,2026-08-18 13:06:47.134000-03:00,4.063
2026-08-18,2026-08-18 13:06:49.913000-03:00,2.779
2026-08-18,2026-08-18 13:06:56.607000-03:00,6.694
2026-08-18,2026-08-18 13:07:01.266000-03:00,4.659
2026-08-18,2026-08-18 13:07:03.655000-03:00,2.389
2026-08-18,2026-08-18 13:07:05.356000-03:00,1.701
2026-08-18,2026-08-18 13:07:09.449000-03:00,4.093
2026-08-18,2026-08-18 13:07:12.336000-03:00,2.887
2026-08-18,2026-08-18 13:07:15.083000-03:00,2.747
2026-08-18,2026-08-18 13:07:23.347000-03:00,8.264
2026-08-18,2026-08-18 13:07:27.153000-03:00,3.806
2026-08-18,2026-08-18 13:07:33.529000-03:00,6.376
2026-08-18,2026-08-18 13:07:37.302000-03:00,3.773
2026-08-18,2026-08-18 13:07:40.093000-03:00,2.791
2026-08-18,2026-08-18 13:07:42.587000-03:00,2.494
2026-08-18,2026-08-18 13:07:44.981000-03:00,2.394
2026-08-18,2026-08-18 13:07:48.725000-03:00,3.744
2026-08-18,2026-08-18 13:07:51.601000-03:00,2.876
2026-08-18,2026-08-18 13:07:54.423000-03:00,2.822
2026-08-18,2026-08-18 13:08:00.926000-03:00,6.503
2026-08-18,2026-08-18 13:08:04.645000-03:00,3.719
2026-08-18,2026-08-18 13:08:08.105000-03:00,3.46
2026-08-18,2026-08-18 13:08:11.190000-03:00,3.085
2026-08-18,2026-08-18 13:08:13.781000-03:00,2.591
2026-08-18,2026-08-18 13:08:24.357000-03:00,10.576
2026-08-18,2026-08-18 13:08:30.750000-03:00,6.393
2026-08-18,2026-08-18 13:08:36.285000-03:00,5.535
2026-08-18,2026-08-18 13:08:41.685000-03:00,5.4
2026-08-18,2026-08-18 13:08:44.606000-03:00,2.921
2026-08-18,2026-08-18 13:08:47.554000-03:00,2.948
2026-08-18,2026-08-18 13:08:49.527000-03:00,1.973
2026-08-18,2026-08-18 13:08:54.063000-03:00,4.536
2026-08-18,2026-08-18 13:09:00.120000-03:00,6.057
2026-08-18,2026-08-18 13:09:07.921000-03:00,7.801
2026-08-18,2026-08-18 13:09:11.109000-03:00,3.188
2026-08-18,2026-08-18 13:09:15.060000-03:00,3.951
2026-08-18,2026-08-18 13:09:17.847000-03:00,2.787
2026-08-18,2026-08-18 13:09:21.973000-03:00,4.126
2026-08-18,2026-08-18 13:09:26.645000-03:00,4.672
2026-08-18,2026-08-18 13:09:30.050000-03:00,3.405
2026-08-18,2026-08-18 13:09:32.718000-03:00,2.668
2026-08-18,2026-08-18 13:09:34.939000-03:00,2.221
2026-08-18,2026-08-18 13:09:37.502000-03:00,2.563
2026-08-18,2026-08-18 13:09:41.257000-03:00,3.755
2026-08-18,2026-08-18 13:09:44.472000-03:00,3.215
2026-08-18,2026-08-18 13:09:47.545000-03:00,3.073
2026-08-18,2026-08-18 13:09:50.695000-03:00,3.15
2026-08-18,2026-08-18 13:09:55.274000-03:00,4.579
2026-08-18,2026-08-18 13:09:58.022000-03:00,2.748
2026-08-21,2026-08-21 12:10:03.758000-03:00,4.437
2026-08-21,2026-08-21 12:10:20.502000-03:00,16.744
2026-08-21,2026-08-21 12:10:25.471000-03:00,4.969
2026-08-21,2026-08-21 12:10:28.911000-03:00,3.44
2026-08-21,2026-08-21 12:10:32.033000-03:00,3.122
2026-08-21,2026-08-21 12:10:35.751000-03:00,3.718
2026-08-21,2026-08-21 12:10:39.835000-03:00,4.084
2026-08-21,2026-08-21 12:10:43.284000-03:00,3.449
2026-08-21,2026-08-21 12:10:46.343000-03:00,3.059
2026-08-21,2026-08-21 12:10:49.279000-03:00,2.936
2026-08-21,2026-08-21 12:10:51.802000-03:00,2.523
2026-08-21,2026-08-21 12:10:54.495000-03:00,2.693
2026-08-21,2026-08-21 12:10:56.915000-03:00,2.42
2026-08-21,2026-08-21 12:11:00.462000-03:00,3.547
2026-08-21,2026-08-21 12:11:04.589000-03:00,4.127
2026-08-21,2026-08-21 12:11:08.644000-03:00,4.055
2026-08-21,2026-08-21 12:11:11.500000-03:00,2.856
2026-08-21,2026-08-21 12:11:23.613000-03:00,12.113
2026-08-21,2026-08-21 12:11:30.869000-03:00,7.256
2026-08-21,2026-08-21 12:11:38.382000-03:00,7.513
2026-08-21,2026-08-21 12:11:53.319000-03:00,14.937
2026-08-21,2026-08-21 12:11:56.076000-03:00,2.757
2026-08-21,2026-08-21 12:11:58.963000-03:00,2.887
2026-08-21,2026-08-21 12:12:02.289000-03:00,3.326
2026-08-21,2026-08-21 12:12:05.678000-03:00,3.389
2026-08-21,2026-08-21 12:12:08.246000-03:00,2.568
2026-08-21,2026-08-21 12:12:10.922000-03:00,2.676
2026-08-21,2026-08-21 12:12:13.387000-03:00,2.465
2026-08-21,2026-08-21 12:12:18.695000-03:00,5.308
2026-08-21,2026-08-21 12:12:22.719000-03:00,4.024
2026-08-21,2026-08-21 12:12:25.543000-03:00,2.824
2026-08-21,2026-08-21 12:12:28.321000-03:00,2.778
2026-08-21,2026-08-21 12:12:31.002000-03:00,2.681
2026-08-21,2026-08-21 12:12:36.681000-03:00,5.679
2026-08-21,2026-08-21 12:12:40.893000-03:00,4.212
2026-08-21,2026-08-21 12:12:45.104000-03:00,4.211
2026-08-21,2026-08-21 12:12:48.700000-03:00,3.596
2026-08-21,2026-08-21 12:12:51.465000-03:00,2.765
2026-08-21,2026-08-21 12:12:53.694000-03:00,2.229
2026-08-21,2026-08-21 12:12:56.443000-03:00,2.749
2026-08-21,2026-08-21 12:12:58.877000-03:00,2.434
2026-08-21,2026-08-21 12:13:01.180000-03:00,2.303
2026-08-21,2026-08-21 12:13:03.679000-03:00,2.499
2026-08-21,2026-08-21 12:13:22.853000-03:00,19.174
2026-08-21,2026-08-21 12:13:26.827000-03:00,3.974
2026-08-21,2026-08-21 12:13:31.989000-03:00,5.162
2026-08-21,2026-08-21 12:13:34.702000-03:00,2.713
2026-08-21,2026-08-21 12:13:37.613000-03:00,2.911
2026-08-21,2026-08-21 12:13:40.937000-03:00,3.324
2026-08-21,2026-08-21 12:13:42.252000-03:00,1.315
2026-08-21,2026-08-21 12:13:47.942000-03:00,5.69
2026-08-21,2026-08-21 12:13:51.182000-03:00,3.24
2026-08-21,2026-08-21 12:13:54.303000-03:00,3.121
2026-08-21,2026-08-21 12:13:58.297000-03:00,3.994
2026-08-21,2026-08-21 12:14:01.066000-03:00,2.769
2026-08-21,2026-08-21 12:14:03.984000-03:00,2.918
2026-08-21,2026-08-21 12:14:07.944000-03:00,3.96
2026-08-21,2026-08-21 12:14:11.888000-03:00,3.944
2026-08-21,2026-08-21 12:14:14.303000-03:00,2.415
2026-08-21,2026-08-21 12:14:17.922000-03:00,3.619
2026-08-21,2026-08-21 12:14:20.985000-03:00,3.063
2026-08-21,2026-08-21 12:14:23.396000-03:00,2.411
2026-08-21,2026-08-21 12:14:26.601000-03:00,3.205
2026-08-21,2026-08-21 12:14:31.159000-03:00,4.558
2026-08-21,2026-08-21 12:14:36.238000-03:00,5.079
2026-08-21,2026-08-21 12:14:43.574000-03:00,7.336
2026-08-21,2026-08-21 12:14:45.557000-03:00,1.983
2026-08-21,2026-08-21 12:14:50.233000-03:00,4.676
2026-08-21,2026-08-21 12:14:53.173000-03:00,2.94
2026-08-21,2026-08-21 12:14:57.026000-03:00,3.853
2026-08-21,2026-08-21 12:14:59.451000-03:00,2.425
2026-08-21,2026-08-21 12:15:03.377000-03:00,3.926
2026-08-21,2026-08-21 12:15:07.932000-03:00,4.555
2026-08-21,2026-08-21 12:15:13.178000-03:00,5.246
2026-08-21,2026-08-21 12:15:15.555000-03:00,2.377
2026-08-21,2026-08-21 12:15:18.186000-03:00,2.631
2026-08-21,2026-08-21 12:15:22.730000-03:00,4.544
2026-08-21,2026-08-21 12:15:25.280000-03:00,2.55
2026-08-21,2026-08-21 12:15:29.172000-03:00,3.892
2026-08-21,2026-08-21 12:15:31.846000-03:00,2.674
2026-08-21,2026-08-21 12:15:34.210000-03:00,2.364
2026-08-21,2026-08-21 12:15:39.382000-03:00,5.172
2026-08-21,2026-08-21 12:15:42.500000-03:00,3.118
2026-08-21,2026-08-21 12:15:45.883000-03:00,3.383
2026-08-21,2026-08-21 12:15:48.829000-03:00,2.946
2026-08-21,2026-08-21 12:15:51.730000-03:00,2.901
2026-08-21,2026-08-21 12:15:55.261000-03:00,3.531
2026-08-21,2026-08-21 12:15:57.810000-03:00,2.549
2026-08-21,2026-08-21 12:16:02.657000-03:00,4.847
2026-08-21,2026-08-21 12:16:04.611000-03:00,1.954
2026-08-21,2026-08-21 12:16:06.635000-03:00,2.024
2026-08-21,2026-08-21 12:16:09.007000-03:00,2.372
2026-08-21,2026-08-21 12:16:11.207000-03:00,2.2
2026-08-21,2026-08-21 12:16:14.898000-03:00,3.691
2026-08-21,2026-08-21 12:16:18.173000-03:00,3.275
2026-08-21,2026-08-21 12:16:22.005000-03:00,3.832
2026-08-21,2026-08-21 12:16:23.915000-03:00,1.91
2026-08-21,2026-08-21 12:16:26.008000-03:00,2.093
2026-08-21,2026-08-21 12:16:31.722000-03:00,5.714
2026-08-21,2026-08-21 12:16:34.602000-03:00,2.88
2026-08-21,2026-08-21 12:16:38.577000-03:00,3.975
2026-08-21,2026-08-21 12:16:42.759000-03:00,4.182
2026-08-21,2026-08-21 12:16:45.644000-03:00,2.885
2026-08-21,2026-08-21 12:16:47.908000-03:00,2.264
2026-08-21,2026-08-21 12:16:51.177000-03:00,3.269
2026-08-21,2026-08-21 12:16:55.040000-03:00,3.863
2026-08-21,2026-08-21 12:16:57.806000-03:00,2.766
2026-08-21,2026-08-21 12:17:00.205000-03:00,2.399
2026-08-21,2026-08-21 12:17:05.704000-03:00,5.499
2026-08-21,2026-08-21 12:17:08.446000-03:00,2.742
2026-08-21,2026-08-21 12:17:10.799000-03:00,2.353
2026-08-21,2026-08-21 12:17:14.015000-03:00,3.216
2026-08-21,2026-08-21 12:17:18.272000-03:00,4.257
2026-08-21,2026-08-21 12:17:22.582000-03:00,4.31
2026-08-21,2026-08-21 12:17:26.001000-03:00,3.419
2026-08-21,2026-08-21 12:17:28.304000-03:00,2.303
2026-08-21,2026-08-21 12:17:30.728000-03:00,2.424
2026-08-21,2026-08-21 12:17:33.480000-03:00,2.752
2026-08-21,2026-08-21 12:17:39.419000-03:00,5.939
2026-08-21,2026-08-21 12:17:42.679000-03:00,3.26
2026-08-21,2026-08-21 12:17:46.263000-03:00,3.584
2026-08-21,2026-08-21 12:17:49.073000-03:00,2.81
2026-08-21,2026-08-21 12:17:52.933000-03:00,3.86
2026-08-21,2026-08-21 12:17:55.888000-03:00,2.955
2026-08-21,2026-08-21 12:17:59.874000-03:00,3.986
2026-08-21,2026-08-21 12:18:03.054000-03:00,3.18
2026-08-21,2026-08-21 12:18:05.705000-03:00,2.651
2026-08-21,2026-08-21 12:18:10.267000-03:00,4.562
2026-08-21,2026-08-21 12:18:15.927000-03:00,5.66
2026-08-21,2026-08-21 12:18:19.083000-03:00,3.156
2026-08-21,2026-08-21 12:18:22.937000-03:00,3.854
2026-08-21,2026-08-21 12:18:25.346000-03:00,2.409
2026-08-21,2026-08-21 12:18:32.856000-03:00,7.51
2026-08-21,2026-08-21 12:18:35.136000-03:00,2.28
2026-08-21,2026-08-21 12:18:49.287000-03:00,14.151
2026-08-21,2026-08-21 12:18:53.330000-03:00,4.043
2026-08-21,2026-08-21 12:18:56.163000-03:00,2.833
2026-08-21,2026-08-21 12:19:00.915000-03:00,4.752
2026-08-21,2026-08-21 12:19:07.673000-03:00,6.758
2026-08-21,2026-08-21 12:19:10.284000-03:00,2.611
2026-08-21,2026-08-21 12:19:15.630000-03:00,5.346
2026-08-21,2026-08-21 12:19:18.178000-03:00,2.548
2026-08-21,2026-08-21 12:19:23.448000-03:00,5.27
2026-08-21,2026-08-21 12:19:26.822000-03:00,3.374
2026-08-21,2026-08-21 12:19:30.136000-03:00,3.314
2026-08-21,2026-08-21 12:19:33.847000-03:00,3.711
2026-08-21,2026-08-21 12:19:36.797000-03:00,2.95
2026-08-21,2026-08-21 12:19:40.717000-03:00,3.92
2026-08-21,2026-08-21 12:19:44.159000-03:00,3.442
2026-08-21,2026-08-21 12:19:47.828000-03:00,3.669
2026-08-21,2026-08-21 12:19:50.474000-03:00,2.646
2026-08-21,2026-08-21 12:19:55.539000-03:00,5.065
2026-08-24,2026-08-24 12:10:01.173000-03:00,1.886
2026-08-24,2026-08-24 12:10:03.117000-03:00,1.944
2026-08-24,2026-08-24 12:10:05.843000-03:00,2.726
2026-08-24,2026-08-24 12:10:07.936000-03:00,2.093
2026-08-24,2026-08-24 12:10:10.499000-03:00,2.563
2026-08-24,2026-08-24 12:10:13.054000-03:00,2.555
2026-08-24,2026-08-24 12:10:16.527000-03:00,3.473
2026-08-24,2026-08-24 12:10:19.029000-03:00,2.502
2026-08-24,2026-08-24 12:10:21.851000-03:00,2.822
2026-08-24,2026-08-24 12:10:25.234000-03:00,3.383
2026-08-24,2026-08-24 12:10:27.541000-03:00,2.307
2026-08-24,2026-08-24 12:10:29.990000-03:00,2.449
2026-08-24,2026-08-24 12:10:33.007000-03:00,3.017
2026-08-24,2026-08-24 12:10:35.677000-03:00,2.67
2026-08-24,2026-08-24 12:10:37.867000-03:00,2.19
2026-08-24,2026-08-24 12:10:39.883000-03:00,2.016
2026-08-24,2026-08-24 12:10:42.507000-03:00,2.624
2026-08-24,2026-08-24 12:10:44.860000-03:00,2.353
2026-08-24,2026-08-24 12:10:47.469000-03:00,2.609
2026-08-24,2026-08-24 12:10:50.798000-03:00,3.329
2026-08-24,2026-08-24 12:10:51.448000-03:00,0.65
2026-08-24,2026-08-24 12:10:55.988000-03:00,4.54
2026-08-24,2026-08-24 12:10:58.228000-03:00,2.24
2026-08-24,2026-08-24 12:11:00.384000-03:00,2.156
2026-08-24,2026-08-24 12:11:03.250000-03:00,2.866
2026-08-24,2026-08-24 12:11:05.658000-03:00,2.408
2026-08-24,2026-08-24 12:11:07.924000-03:00,2.266
2026-08-24,2026-08-24 12:11:09.943000-03:00,2.019
2026-08-24,2026-08-24 12:11:12.402000-03:00,2.459
2026-08-24,2026-08-24 12:11:14.600000-03:00,2.198
2026-08-24,2026-08-24 12:11:16.789000-03:00,2.189
2026-08-24,2026-08-24 12:11:19.359000-03:00,2.57
2026-08-24,2026-08-24 12:11:21.435000-03:00,2.076
2026-08-24,2026-08-24 12:11:23.460000-03:00,2.025
2026-08-24,2026-08-24 12:11:25.550000-03:00,2.09
2026-08-24,2026-08-24 12:11:27.591000-03:00,2.041
2026-08-24,2026-08-24 12:11:29.914000-03:00,2.323
2026-08-24,2026-08-24 12:11:32.415000-03:00,2.501
2026-08-24,2026-08-24 12:11:35.279000-03:00,2.864
2026-08-24,2026-08-24 12:11:37.137000-03:00,1.858
2026-08-24,2026-08-24 12:11:40.268000-03:00,3.131
2026-08-24,2026-08-24 12:11:43.744000-03:00,3.476
2026-08-24,2026-08-24 12:11:46.222000-03:00,2.478
2026-08-24,2026-08-24 12:11:49.409000-03:00,3.187
2026-08-24,2026-08-24 12:11:51.816000-03:00,2.407
2026-08-24,2026-08-24 12:11:54.533000-03:00,2.717
2026-08-24,2026-08-24 12:11:57.664000-03:00,3.131
2026-08-24,2026-08-24 12:11:59.939000-03:00,2.275
2026-08-24,2026-08-24 12:12:02.865000-03:00,2.926
2026-08-24,2026-08-24 12:12:05.841000-03:00,2.976
2026-08-24,2026-08-24 12:12:08.313000-03:00,2.472
2026-08-24,2026-08-24 12:12:10.646000-03:00,2.333
2026-08-24,2026-08-24 12:12:12.984000-03:00,2.338
2026-08-24,2026-08-24 12:12:18.593000-03:00,5.609
2026-08-24,2026-08-24 12:12:22.638000-03:00,4.045
2026-08-24,2026-08-24 12:12:34.684000-03:00,12.046
2026-08-24,2026-08-24 12:12:37.170000-03:00,2.486
2026-08-24,2026-08-24 12:12:40.558000-03:00,3.388
2026-08-24,2026-08-24 12:12:43.775000-03:00,3.217
2026-08-24,2026-08-24 12:12:45.545000-03:00,1.77
2026-08-24,2026-08-24 12:12:47.961000-03:00,2.416
2026-08-24,2026-08-24 12:12:50.352000-03:00,2.391
2026-08-24,2026-08-24 12:12:52.901000-03:00,2.549
2026-08-24,2026-08-24 12:12:55.995000-03:00,3.094
2026-08-24,2026-08-24 12:12:58.612000-03:00,2.617
2026-08-24,2026-08-24 12:13:01.093000-03:00,2.481
2026-08-24,2026-08-24 12:13:07.578000-03:00,6.485
2026-08-24,2026-08-24 12:13:12.068000-03:00,4.49
2026-08-24,2026-08-24 12:13:14.332000-03:00,2.264
2026-08-24,2026-08-24 12:13:16.817000-03:00,2.485
2026-08-24,2026-08-24 12:13:18.937000-03:00,2.12
2026-08-24,2026-08-24 12:13:27.365000-03:00,8.428
2026-08-24,2026-08-24 12:13:30.188000-03:00,2.823
2026-08-24,2026-08-24 12:13:32.631000-03:00,2.443
2026-08-24,2026-08-24 12:13:35.856000-03:00,3.225
2026-08-24,2026-08-24 12:13:38.536000-03:00,2.68
2026-08-24,2026-08-24 12:13:40.754000-03:00,2.218
2026-08-24,2026-08-24 12:13:43.285000-03:00,2.531
2026-08-24,2026-08-24 12:13:45.594000-03:00,2.309
2026-08-24,2026-08-24 12:13:49.981000-03:00,4.387
2026-08-24,2026-08-24 12:13:53.328000-03:00,3.347
2026-08-24,2026-08-24 12:13:55.712000-03:00,2.384
2026-08-24,2026-08-24 12:13:58.361000-03:00,2.649
2026-08-24,2026-08-24 12:14:01.442000-03:00,3.081
2026-08-24,2026-08-24 12:14:04.046000-03:00,2.604
2026-08-24,2026-08-24 12:14:06.937000-03:00,2.891
2026-08-24,2026-08-24 12:14:09.705000-03:00,2.768
2026-08-24,2026-08-24 12:14:12.318000-03:00,2.613
2026-08-24,2026-08-24 12:14:14.903000-03:00,2.585
2026-08-24,2026-08-24 12:14:19.838000-03:00,4.935
2026-08-24,2026-08-24 12:14:22.855000-03:00,3.017
2026-08-24,2026-08-24 12:14:24.626000-03:00,1.771
2026-08-24,2026-08-24 12:14:28.466000-03:00,3.84
2026-08-24,2026-08-24 12:14:55.683000-03:00,27.217
2026-08-24,2026-08-24 12:15:00.770000-03:00,5.087
2026-08-24,2026-08-24 12:15:03.423000-03:00,2.653
2026-08-24,2026-08-24 12:15:06.836000-03:00,3.413
2026-08-24,2026-08-24 12:15:09.812000-03:00,2.976
2026-08-24,2026-08-24 12:15:12.215000-03:00,2.403
2026-08-24,2026-08-24 12:15:15.107000-03:00,2.892
2026-08-24,2026-08-24 12:15:18.680000-03:00,3.573
2026-08-24,2026-08-24 12:15:26.261000-03:00,7.581
2026-08-24,2026-08-24 12:15:30.509000-03:00,4.248
2026-08-24,2026-08-24 12:15:33.102000-03:00,2.593
2026-08-24,2026-08-24 12:15:35.430000-03:00,2.328
2026-08-24,2026-08-24 12:15:37.673000-03:00,2.243
2026-08-24,2026-08-24 12:15:40.090000-03:00,2.417
2026-08-24,2026-08-24 12:15:49.466000-03:00,9.376
2026-08-24,2026-08-24 12:15:52.782000-03:00,3.316
2026-08-24,2026-08-24 12:15:55.612000-03:00,2.83
2026-08-24,2026-08-24 12:15:58.983000-03:00,3.371
2026-08-24,2026-08-24 12:16:01.643000-03:00,2.66
2026-08-24,2026-08-24 12:16:04.156000-03:00,2.513
2026-08-24,2026-08-24 12:16:05.314000-03:00,1.158
2026-08-24,2026-08-24 12:16:09.388000-03:00,4.074
2026-08-24,2026-08-24 12:16:11.461000-03:00,2.073
2026-08-24,2026-08-24 12:16:13.634000-03:00,2.173
2026-08-24,2026-08-24 12:16:16.739000-03:00,3.105
2026-08-24,2026-08-24 12:16:19.267000-03:00,2.528
2026-08-24,2026-08-24 12:16:21.152000-03:00,1.885
2026-08-24,2026-08-24 12:16:23.527000-03:00,2.375
2026-08-24,2026-08-24 12:16:27.959000-03:00,4.432
2026-08-24,2026-08-24 12:16:31.314000-03:00,3.355
2026-08-24,2026-08-24 12:16:32.916000-03:00,1.602
2026-08-24,2026-08-24 12:16:36.848000-03:00,3.932
2026-08-24,2026-08-24 12:16:37.646000-03:00,0.798
2026-08-24,2026-08-24 12:16:40.777000-03:00,3.131
2026-08-24,2026-08-24 12:16:47.860000-03:00,7.083
2026-08-24,2026-08-24 12:17:01.302000-03:00,13.442
2026-08-24,2026-08-24 12:17:04.342000-03:00,3.04
2026-08-24,2026-08-24 12:17:10.240000-03:00,5.898
2026-08-24,2026-08-24 12:17:57.712000-03:00,4.83
2026-08-24,2026-08-24 12:18:04.557000-03:00,6.845
2026-08-24,2026-08-24 12:18:07.861000-03:00,3.304
2026-08-24,2026-08-24 12:18:11.406000-03:00,3.545
2026-08-24,2026-08-24 12:18:13.601000-03:00,2.195
2026-08-24,2026-08-24 12:18:15.561000-03:00,1.96
2026-08-24,2026-08-24 12:18:17.527000-03:00,1.966
2026-08-24,2026-08-24 12:18:20.028000-03:00,2.501
2026-08-24,2026-08-24 12:18:22.534000-03:00,2.506
2026-08-24,2026-08-24 12:18:25.243000-03:00,2.709
2026-08-24,2026-08-24 12:18:28.771000-03:00,3.528
2026-08-24,2026-08-24 12:18:31.536000-03:00,2.765
2026-08-24,2026-08-24 12:18:32.702000-03:00,1.166
2026-08-24,2026-08-24 12:18:35.843000-03:00,3.141
2026-08-24,2026-08-24 12:18:38.442000-03:00,2.599
2026-08-24,2026-08-24 12:18:40.552000-03:00,2.11
2026-08-24,2026-08-24 12:18:42.906000-03:00,2.354
2026-08-24,2026-08-24 12:18:46.211000-03:00,3.305
2026-08-24,2026-08-24 12:18:48.976000-03:00,2.765
2026-08-24,2026-08-24 12:18:52.682000-03:00,3.706
2026-08-24,2026-08-24 12:18:55.902000-03:00,3.22
2026-08-24,2026-08-24 12:18:57.708000-03:00,1.806
2026-08-24,2026-08-24 12:19:00.281000-03:00,2.573
2026-08-24,2026-08-24 12:19:03.305000-03:00,3.024
2026-08-24,2026-08-24 12:19:05.740000-03:00,2.435
2026-08-24,2026-08-24 12:19:11.034000-03:00,5.294
2026-08-24,2026-08-24 12:19:15.019000-03:00,3.985
2026-08-24,2026-08-24 12:19:18.509000-03:00,3.49
2026-08-24,2026-08-24 12:19:22.088000-03:00,3.579
2026-08-24,2026-08-24 12:19:24.842000-03:00,2.754
2026-08-24,2026-08-24 12:19:29.602000-03:00,4.76
2026-08-24,2026-08-24 12:19:47.413000-03:00,17.811
2026-08-24,2026-08-24 12:19:51.530000-03:00,4.117
2026-08-24,2026-08-24 12:19:54.133000-03:00,2.603
2026-08-24,2026-08-24 12:19:56.982000-03:00,2.849
2026-08-24,2026-08-24 12:19:59.295000-03:00,2.313
2026-08-25,2026-08-25 12:10:00.972000-03:00,2.987
2026-08-25,2026-08-25 12:10:05.701000-03:00,4.729
2026-08-25,2026-08-25 12:10:08.741000-03:00,3.04
2026-08-25,2026-08-25 12:10:11.349000-03:00,2.608
2026-08-25,2026-08-25 12:10:13.115000-03:00,1.766
2026-08-25,2026-08-25 12:10:18.382000-03:00,5.267
2026-08-25,2026-08-25 12:10:21.485000-03:00,3.103
2026-08-25,2026-08-25 12:10:38.207000-03:00,16.722
2026-08-25,2026-08-25 12:10:41.652000-03:00,3.445
2026-08-25,2026-08-25 12:10:44.996000-03:00,3.344
2026-08-25,2026-08-25 12:10:56.818000-03:00,11.822
2026-08-25,2026-08-25 12:11:00.213000-03:00,3.395
2026-08-25,2026-08-25 12:11:02.542000-03:00,2.329
2026-08-25,2026-08-25 12:11:04.550000-03:00,2.008
2026-08-25,2026-08-25 12:11:08.446000-03:00,3.896
2026-08-25,2026-08-25 12:11:11.171000-03:00,2.725
2026-08-25,2026-08-25 12:11:13.311000-03:00,2.14
2026-08-25,2026-08-25 12:11:15.417000-03:00,2.106
2026-08-25,2026-08-25 12:11:28.055000-03:00,12.638
2026-08-25,2026-08-25 12:11:47.552000-03:00,19.497
2026-08-25,2026-08-25 12:11:57.869000-03:00,10.317
2026-08-25,2026-08-25 12:12:00.890000-03:00,3.021
2026-08-25,2026-08-25 12:12:03.233000-03:00,2.343
2026-08-25,2026-08-25 12:12:06.484000-03:00,3.251
2026-08-25,2026-08-25 12:12:08.194000-03:00,1.71
2026-08-25,2026-08-25 12:12:11.813000-03:00,3.619
2026-08-25,2026-08-25 12:12:14.285000-03:00,2.472
2026-08-25,2026-08-25 12:12:17.284000-03:00,2.999
2026-08-25,2026-08-25 12:12:19.512000-03:00,2.228
2026-08-25,2026-08-25 12:12:21.869000-03:00,2.357
2026-08-25,2026-08-25 12:12:23.616000-03:00,1.747
2026-08-25,2026-08-25 12:12:26.191000-03:00,2.575
2026-08-25,2026-08-25 12:12:30.295000-03:00,4.104
2026-08-25,2026-08-25 12:12:32.403000-03:00,2.108
2026-08-25,2026-08-25 12:12:39.474000-03:00,7.071
2026-08-25,2026-08-25 12:12:42.471000-03:00,2.997
2026-08-25,2026-08-25 12:12:45.268000-03:00,2.797
2026-08-25,2026-08-25 12:12:46.744000-03:00,1.476
2026-08-25,2026-08-25 12:12:49.887000-03:00,3.143
2026-08-25,2026-08-25 12:12:52.601000-03:00,2.714
2026-08-25,2026-08-25 12:12:54.683000-03:00,2.082
2026-08-25,2026-08-25 12:12:57.238000-03:00,2.555
2026-08-25,2026-08-25 12:13:01.560000-03:00,4.322
2026-08-25,2026-08-25 12:13:03.557000-03:00,1.997
2026-08-25,2026-08-25 12:13:05.962000-03:00,2.405
2026-08-25,2026-08-25 12:13:14.591000-03:00,8.629
2026-08-25,2026-08-25 12:13:17.425000-03:00,2.834
2026-08-25,2026-08-25 12:13:22.450000-03:00,5.025
2026-08-25,2026-08-25 12:13:25.225000-03:00,2.775
2026-08-25,2026-08-25 12:13:27.093000-03:00,1.868
2026-08-25,2026-08-25 12:13:35.886000-03:00,8.793
2026-08-25,2026-08-25 12:13:39.767000-03:00,3.881
2026-08-25,2026-08-25 12:13:41.614000-03:00,1.847
2026-08-25,2026-08-25 12:13:43.963000-03:00,2.349
2026-08-25,2026-08-25 12:13:46.477000-03:00,2.514
2026-08-25,2026-08-25 12:13:48.850000-03:00,2.373
2026-08-25,2026-08-25 12:13:51.721000-03:00,2.871
2026-08-25,2026-08-25 12:13:54.663000-03:00,2.942
2026-08-25,2026-08-25 12:13:56.769000-03:00,2.106
2026-08-25,2026-08-25 12:13:58.574000-03:00,1.805
2026-08-25,2026-08-25 12:14:00.859000-03:00,2.285
2026-08-25,2026-08-25 12:14:02.906000-03:00,2.047
2026-08-25,2026-08-25 12:14:05.247000-03:00,2.341
2026-08-25,2026-08-25 12:14:07.607000-03:00,2.36
2026-08-25,2026-08-25 12:14:09.650000-03:00,2.043
2026-08-25,2026-08-25 12:14:12.537000-03:00,2.887
2026-08-25,2026-08-25 12:14:15.863000-03:00,3.326
2026-08-25,2026-08-25 12:14:18.301000-03:00,2.438
2026-08-25,2026-08-25 12:14:20.782000-03:00,2.481
2026-08-25,2026-08-25 12:14:23.622000-03:00,2.84
2026-08-25,2026-08-25 12:14:26.714000-03:00,3.092
2026-08-25,2026-08-25 12:14:29.432000-03:00,2.718
2026-08-25,2026-08-25 12:14:32.075000-03:00,2.643
2026-08-25,2026-08-25 12:14:34.297000-03:00,2.222
2026-08-25,2026-08-25 12:14:41.101000-03:00,6.804
2026-08-25,2026-08-25 12:14:43.546000-03:00,2.445
2026-08-25,2026-08-25 12:14:45.531000-03:00,1.985
2026-08-25,2026-08-25 12:14:48.686000-03:00,3.155
2026-08-25,2026-08-25 12:14:50.704000-03:00,2.018
2026-08-25,2026-08-25 12:14:55.055000-03:00,4.351
2026-08-25,2026-08-25 12:14:57.871000-03:00,2.816
2026-08-25,2026-08-25 12:15:01.308000-03:00,3.437
2026-08-25,2026-08-25 12:15:03.486000-03:00,2.178
2026-08-25,2026-08-25 12:15:07.215000-03:00,3.729
2026-08-25,2026-08-25 12:15:09.018000-03:00,1.803
2026-08-25,2026-08-25 12:15:11.484000-03:00,2.466
2026-08-25,2026-08-25 12:15:13.662000-03:00,2.178
2026-08-25,2026-08-25 12:15:16.335000-03:00,2.673
2026-08-25,2026-08-25 12:15:19.690000-03:00,3.355
2026-08-25,2026-08-25 12:15:21.583000-03:00,1.893
2026-08-25,2026-08-25 12:15:23.518000-03:00,1.935
2026-08-25,2026-08-25 12:15:26.446000-03:00,2.928
2026-08-25,2026-08-25 12:15:28.862000-03:00,2.416
2026-08-25,2026-08-25 12:15:32.994000-03:00,4.132
2026-08-25,2026-08-25 12:15:35.649000-03:00,2.655
2026-08-25,2026-08-25 12:15:38.242000-03:00,2.593
2026-08-25,2026-08-25 12:15:41.389000-03:00,3.147
2026-08-25,2026-08-25 12:15:44.260000-03:00,2.871
2026-08-25,2026-08-25 12:16:04.071000-03:00,19.811
2026-08-25,2026-08-25 12:16:06.662000-03:00,2.591
2026-08-25,2026-08-25 12:16:09.747000-03:00,3.085
2026-08-25,2026-08-25 12:16:12.421000-03:00,2.674
2026-08-25,2026-08-25 12:16:14.832000-03:00,2.411
2026-08-25,2026-08-25 12:16:17.097000-03:00,2.265
2026-08-25,2026-08-25 12:16:19.986000-03:00,2.889
2026-08-25,2026-08-25 12:16:21.928000-03:00,1.942
2026-08-25,2026-08-25 12:16:23.855000-03:00,1.927
2026-08-25,2026-08-25 12:16:26.277000-03:00,2.422
2026-08-25,2026-08-25 12:16:28.751000-03:00,2.474
2026-08-25,2026-08-25 12:16:30.596000-03:00,1.845
2026-08-25,2026-08-25 12:16:32.679000-03:00,2.083
2026-08-25,2026-08-25 12:16:34.417000-03:00,1.738
2026-08-25,2026-08-25 12:16:36.996000-03:00,2.579
2026-08-25,2026-08-25 12:16:39.446000-03:00,2.45
2026-08-25,2026-08-25 12:16:47.543000-03:00,8.097
2026-08-25,2026-08-25 12:16:55.677000-03:00,8.134
2026-08-25,2026-08-25 12:16:59.780000-03:00,4.103
2026-08-25,2026-08-25 12:17:02.874000-03:00,3.094
2026-08-25,2026-08-25 12:17:05.755000-03:00,2.881
2026-08-25,2026-08-25 12:17:08.551000-03:00,2.796
2026-08-25,2026-08-25 12:17:17.108000-03:00,8.557
2026-08-25,2026-08-25 12:17:21.444000-03:00,4.336
2026-08-25,2026-08-25 12:17:24.482000-03:00,3.038
2026-08-25,2026-08-25 12:17:26.554000-03:00,2.072
2026-08-25,2026-08-25 12:17:28.733000-03:00,2.179
2026-08-25,2026-08-25 12:17:30.806000-03:00,2.073
2026-08-25,2026-08-25 12:17:34.181000-03:00,3.375
2026-08-25,2026-08-25 12:17:37.577000-03:00,3.396
2026-08-25,2026-08-25 12:17:39.881000-03:00,2.304
2026-08-25,2026-08-25 12:17:42.361000-03:00,2.48
2026-08-25,2026-08-25 12:17:46.691000-03:00,4.33
2026-08-25,2026-08-25 12:17:50.353000-03:00,3.662
2026-08-25,2026-08-25 12:17:54.830000-03:00,4.477
2026-08-25,2026-08-25 12:17:56.712000-03:00,1.882
2026-08-25,2026-08-25 12:17:59.270000-03:00,2.558
2026-08-25,2026-08-25 12:18:15.163000-03:00,15.893
2026-08-25,2026-08-25 12:18:17.464000-03:00,2.301
2026-08-25,2026-08-25 12:18:21.275000-03:00,3.811
2026-08-25,2026-08-25 12:18:24.848000-03:00,3.573
2026-08-25,2026-08-25 12:18:28.125000-03:00,3.277
2026-08-25,2026-08-25 12:18:30.943000-03:00,2.818
2026-08-25,2026-08-25 12:18:33.406000-03:00,2.463
2026-08-25,2026-08-25 12:18:37.574000-03:00,4.168
2026-08-25,2026-08-25 12:18:41.212000-03:00,3.638
2026-08-25,2026-08-25 12:18:46.927000-03:00,5.715
2026-08-25,2026-08-25 12:18:49.607000-03:00,2.68
2026-08-25,2026-08-25 12:19:01.303000-03:00,11.696
2026-08-25,2026-08-25 12:19:04.947000-03:00,3.644
2026-08-25,2026-08-25 12:19:07.186000-03:00,2.239
2026-08-25,2026-08-25 12:19:18.868000-03:00,11.682
2026-08-25,2026-08-25 12:19:29.967000-03:00,11.099
2026-08-25,2026-08-25 12:19:38.838000-03:00,8.871
2026-08-25,2026-08-25 12:19:44.240000-03:00,5.402
2026-08-25,2026-08-25 12:19:46.935000-03:00,2.695
2026-08-25,2026-08-25 12:19:48.862000-03:00,1.927
2026-08-25,2026-08-25 12:19:51.049000-03:00,2.187
2026-08-25,2026-08-25 12:19:54.004000-03:00,2.955
2026-08-25,2026-08-25 12:20:04.404000-03:00,10.4
2026-08-25,2026-08-25 12:20:06.932000-03:00,2.528
2026-08-25,2026-08-25 12:20:09.959000-03:00,3.027
2026-08-25,2026-08-25 12:20:12.728000-03:00,2.769
2026-08-25,2026-08-25 12:20:15.606000-03:00,2.878
2026-08-25,2026-08-25 12:20:20.860000-03:00,5.254
2026-08-25,2026-08-25 12:20:35.500000-03:00,14.64
2026-08-25,2026-08-25 12:20:37.875000-03:00,2.375
2026-08-25,2026-08-25 12:20:40.069000-03:00,2.194
2026-08-25,2026-08-25 12:20:43.663000-03:00,3.594
2026-08-25,2026-08-25 12:20:46.395000-03:00,2.732
2026-08-25,2026-08-25 12:21:01.263000-03:00,14.868
2026-08-25,2026-08-25 12:21:03.404000-03:00,2.141
2026-08-25,2026-08-25 12:21:06.733000-03:00,3.329
2026-08-25,2026-08-25 12:21:26.475000-03:00,19.742
2026-08-25,2026-08-25 12:21:30.676000-03:00,4.201
2026-08-25,2026-08-25 12:21:46.247000-03:00,15.571
2026-08-25,2026-08-25 12:21:49.649000-03:00,3.402
2026-08-25,2026-08-25 12:21:54.710000-03:00,5.061
2026-08-25,2026-08-25 12:21:58.460000-03:00,3.75
2026-08-25,2026-08-25 12:22:01.491000-03:00,3.031
2026-08-25,2026-08-25 12:22:04.272000-03:00,2.781
2026-08-25,2026-08-25 12:22:06.794000-03:00,2.522
2026-08-25,2026-08-25 12:22:09.871000-03:00,3.077
2026-08-25,2026-08-25 12:22:13.140000-03:00,3.269
2026-08-25,2026-08-25 12:22:14.599000-03:00,1.459
2026-08-25,2026-08-25 12:22:17.415000-03:00,2.816
2026-08-25,2026-08-25 12:22:19.973000-03:00,2.558
2026-08-25,2026-08-25 12:22:22.690000-03:00,2.717
2026-08-25,2026-08-25 12:22:25.191000-03:00,2.501
2026-08-25,2026-08-25 12:22:27.380000-03:00,2.189
2026-08-25,2026-08-25 12:22:37.381000-03:00,10.001
2026-08-25,2026-08-25 12:22:40.050000-03:00,2.669
2026-08-25,2026-08-25 12:22:44.782000-03:00,4.732
2026-08-25,2026-08-25 12:22:47.922000-03:00,3.14
2026-08-25,2026-08-25 12:22:54.910000-03:00,6.988
2026-08-25,2026-08-25 12:22:57.902000-03:00,2.992
2026-08-25,2026-08-25 12:23:01.331000-03:00,3.429
2026-08-25,2026-08-25 12:23:08.005000-03:00,6.674
2026-08-25,2026-08-25 12:23:10.538000-03:00,2.533
2026-08-25,2026-08-25 12:23:12.775000-03:00,2.237
2026-08-25,2026-08-25 12:23:16.971000-03:00,4.196
2026-08-25,2026-08-25 12:23:19.322000-03:00,2.351
2026-08-25,2026-08-25 12:23:22.318000-03:00,2.996
2026-08-25,2026-08-25 12:23:24.603000-03:00,2.285
2026-08-25,2026-08-25 12:23:27.034000-03:00,2.431
2026-08-25,2026-08-25 12:23:29.140000-03:00,2.106
2026-08-25,2026-08-25 12:23:35.975000-03:00,6.835
2026-08-25,2026-08-25 12:23:43.569000-03:00,7.594
2026-08-25,2026-08-25 12:23:46.691000-03:00,3.122
2026-08-25,2026-08-25 12:23:48.556000-03:00,1.865
2026-08-25,2026-08-25 12:23:52.420000-03:00,3.864
2026-08-25,2026-08-25 12:23:54.685000-03:00,2.265
2026-08-25,2026-08-25 12:24:04.051000-03:00,9.366
2026-08-25,2026-08-25 12:24:07.265000-03:00,3.214
2026-08-25,2026-08-25 12:24:16.547000-03:00,9.282
2026-08-25,2026-08-25 12:24:28.001000-03:00,11.454
2026-08-25,2026-08-25 12:24:38.749000-03:00,10.748
2026-08-25,2026-08-25 12:24:41.827000-03:00,3.078
2026-08-25,2026-08-25 12:24:44.087000-03:00,2.26
2026-08-25,2026-08-25 12:24:47.221000-03:00,3.134
2026-08-25,2026-08-25 12:24:50.661000-03:00,3.44
2026-08-25,2026-08-25 12:24:53.382000-03:00,2.721
2026-08-25,2026-08-25 12:24:56.225000-03:00,2.843
2026-08-25,2026-08-25 12:25:00.307000-03:00,4.082
2026-08-25,2026-08-25 12:25:02.693000-03:00,2.386
2026-08-25,2026-08-25 12:25:05.042000-03:00,2.349
2026-08-25,2026-08-25 12:25:07.949000-03:00,2.907
2026-08-25,2026-08-25 12:25:10.616000-03:00,2.667
2026-08-25,2026-08-25 12:25:13.089000-03:00,2.473
2026-08-25,2026-08-25 12:25:15.653000-03:00,2.564
2026-08-25,2026-08-25 12:25:23.643000-03:00,7.99
2026-08-25,2026-08-25 12:25:26.263000-03:00,2.62
2026-08-25,2026-08-25 12:25:28.537000-03:00,2.274
2026-08-25,2026-08-25 12:25:31.095000-03:00,2.558
2026-08-25,2026-08-25 12:25:33.932000-03:00,2.837
2026-08-25,2026-08-25 12:25:36.499000-03:00,2.567
2026-08-25,2026-08-25 12:25:41.615000-03:00,5.116
2026-08-25,2026-08-25 12:25:51.960000-03:00,10.345
2026-08-25,2026-08-25 12:25:52.622000-03:00,0.662
2026-08-25,2026-08-25 12:25:56.029000-03:00,3.407
2026-08-25,2026-08-25 12:25:58.531000-03:00,2.502
2026-08-25,2026-08-25 12:26:01.902000-03:00,3.371
2026-08-25,2026-08-25 12:26:04.887000-03:00,2.985
2026-08-25,2026-08-25 12:26:08.541000-03:00,3.654
2026-08-25,2026-08-25 12:26:11.272000-03:00,2.731
2026-08-25,2026-08-25 12:26:14.190000-03:00,2.918
2026-08-25,2026-08-25 12:26:17.426000-03:00,3.236
2026-08-25,2026-08-25 12:26:19.816000-03:00,2.39
2026-08-25,2026-08-25 12:26:31.399000-03:00,11.583
2026-08-25,2026-08-25 12:26:35.371000-03:00,3.972
2026-08-25,2026-08-25 12:26:38.293000-03:00,2.922
2026-08-25,2026-08-25 12:26:45.056000-03:00,6.763
2026-08-25,2026-08-25 12:26:48.199000-03:00,3.143
2026-08-25,2026-08-25 12:26:51.036000-03:00,2.837
2026-08-25,2026-08-25 12:26:53.297000-03:00,2.261
2026-08-25,2026-08-25 12:26:55.609000-03:00,2.312
2026-08-25,2026-08-25 12:26:57.133000-03:00,1.524
2026-08-25,2026-08-25 12:26:58.743000-03:00,1.61
2026-08-25,2026-08-25 12:27:12.907000-03:00,14.164
2026-08-25,2026-08-25 12:27:21.453000-03:00,8.546
2026-08-25,2026-08-25 12:27:26.061000-03:00,4.608
2026-08-25,2026-08-25 12:27:28.455000-03:00,2.394
2026-08-25,2026-08-25 12:27:31.803000-03:00,3.348
2026-08-25,2026-08-25 12:27:34.770000-03:00,2.967
2026-08-25,2026-08-25 12:27:37.551000-03:00,2.781
2026-08-25,2026-08-25 12:27:44.224000-03:00,6.673
2026-08-25,2026-08-25 12:27:46.814000-03:00,2.59
2026-08-25,2026-08-25 12:27:48.715000-03:00,1.901
2026-08-25,2026-08-25 12:27:51.242000-03:00,2.527
2026-08-25,2026-08-25 12:27:53.375000-03:00,2.133
2026-08-25,2026-08-25 12:27:55.218000-03:00,1.843
2026-08-25,2026-08-25 12:28:10.154000-03:00,14.936
2026-08-25,2026-08-25 12:28:14.011000-03:00,3.857
2026-08-25,2026-08-25 12:28:18.246000-03:00,4.235
2026-08-25,2026-08-25 12:28:21.632000-03:00,3.386
2026-08-25,2026-08-25 12:28:24.294000-03:00,2.662
2026-08-25,2026-08-25 12:28:26.440000-03:00,2.146
2026-08-25,2026-08-25 12:28:28.490000-03:00,2.05
2026-08-25,2026-08-25 12:28:30.597000-03:00,2.107
2026-08-25,2026-08-25 12:28:32.535000-03:00,1.938
2026-08-25,2026-08-25 12:28:34.866000-03:00,2.331
2026-08-25,2026-08-25 12:28:36.861000-03:00,1.995
2026-08-25,2026-08-25 12:28:38.717000-03:00,1.856
2026-08-25,2026-08-25 12:28:41.713000-03:00,2.996
2026-08-25,2026-08-25 12:28:44.576000-03:00,2.863
2026-08-25,2026-08-25 12:28:52.500000-03:00,7.924
2026-08-25,2026-08-25 12:28:55.320000-03:00,2.82
2026-08-25,2026-08-25 12:28:57.522000-03:00,2.202
2026-08-25,2026-08-25 12:29:00.250000-03:00,2.728
2026-08-25,2026-08-25 12:29:02.680000-03:00,2.43
2026-08-25,2026-08-25 12:29:05.396000-03:00,2.716
2026-08-25,2026-08-25 12:29:08.037000-03:00,2.641
2026-08-25,2026-08-25 12:29:14.093000-03:00,6.056
2026-08-25,2026-08-25 12:29:17.874000-03:00,3.781
2026-08-25,2026-08-25 12:29:23.170000-03:00,5.296
2026-08-25,2026-08-25 12:29:25.186000-03:00,2.016
2026-08-25,2026-08-25 12:29:27.438000-03:00,2.252
2026-08-25,2026-08-25 12:29:30.063000-03:00,2.625
2026-08-25,2026-08-25 12:29:32.494000-03:00,2.431
2026-08-25,2026-08-25 12:29:39.492000-03:00,6.998
2026-08-25,2026-08-25 12:29:43.322000-03:00,3.83
2026-08-26,2026-08-26 13:20:04.378000-03:00,6.138
2026-08-26,2026-08-26 13:20:07.409000-03:00,3.031
2026-08-26,2026-08-26 13:20:10.729000-03:00,3.32
2026-08-26,2026-08-26 13:20:13.442000-03:00,2.713
2026-08-26,2026-08-26 13:20:16.071000-03:00,2.629
2026-08-26,2026-08-26 13:20:18.735000-03:00,2.664
2026-08-26,2026-08-26 13:20:21.451000-03:00,2.716
2026-08-26,2026-08-26 13:20:29.545000-03:00,8.094
2026-08-26,2026-08-26 13:20:32.810000-03:00,3.265
2026-08-26,2026-08-26 13:20:38.114000-03:00,5.304
2026-08-26,2026-08-26 13:20:41.917000-03:00,3.803
2026-08-26,2026-08-26 13:21:05.032000-03:00,23.115
2026-08-26,2026-08-26 13:21:09.244000-03:00,4.212
2026-08-26,2026-08-26 13:21:11.795000-03:00,2.551
2026-08-26,2026-08-26 13:21:14.966000-03:00,3.171
2026-08-26,2026-08-26 13:21:17.213000-03:00,2.247
2026-08-26,2026-08-26 13:21:35.362000-03:00,18.149
2026-08-26,2026-08-26 13:21:38.312000-03:00,2.95
2026-08-26,2026-08-26 13:21:40.798000-03:00,2.486
2026-08-26,2026-08-26 13:21:43.364000-03:00,2.566
2026-08-26,2026-08-26 13:21:46.603000-03:00,3.239
2026-08-26,2026-08-26 13:21:49.102000-03:00,2.499
2026-08-26,2026-08-26 13:21:52.012000-03:00,2.91
2026-08-26,2026-08-26 13:21:56.386000-03:00,4.374
2026-08-26,2026-08-26 13:21:58.361000-03:00,1.975
2026-08-26,2026-08-26 13:22:01.003000-03:00,2.642
2026-08-26,2026-08-26 13:22:03.984000-03:00,2.981
2026-08-26,2026-08-26 13:22:06.541000-03:00,2.557
2026-08-26,2026-08-26 13:22:09.289000-03:00,2.748
2026-08-26,2026-08-26 13:22:12.253000-03:00,2.964
2026-08-26,2026-08-26 13:22:14.422000-03:00,2.169
2026-08-26,2026-08-26 13:22:16.524000-03:00,2.102
2026-08-26,2026-08-26 13:22:27.503000-03:00,10.979
2026-08-26,2026-08-26 13:22:32.202000-03:00,4.699
2026-08-26,2026-08-26 13:22:35.409000-03:00,3.207
2026-08-26,2026-08-26 13:22:37.902000-03:00,2.493
2026-08-26,2026-08-26 13:22:40.613000-03:00,2.711
2026-08-26,2026-08-26 13:22:44.558000-03:00,3.945
2026-08-26,2026-08-26 13:22:48.890000-03:00,4.332
2026-08-26,2026-08-26 13:22:52.282000-03:00,3.392
2026-08-26,2026-08-26 13:22:55.539000-03:00,3.257
2026-08-26,2026-08-26 13:22:57.947000-03:00,2.408
2026-08-26,2026-08-26 13:23:00.483000-03:00,2.536
2026-08-26,2026-08-26 13:23:07.992000-03:00,7.509
2026-08-26,2026-08-26 13:23:11.315000-03:00,3.323
2026-08-26,2026-08-26 13:23:14.291000-03:00,2.976
2026-08-26,2026-08-26 13:23:17.864000-03:00,3.573
2026-08-26,2026-08-26 13:23:21.156000-03:00,3.292
2026-08-26,2026-08-26 13:23:23.712000-03:00,2.556
2026-08-26,2026-08-26 13:23:25.957000-03:00,2.245
2026-08-26,2026-08-26 13:23:28.624000-03:00,2.667
2026-08-26,2026-08-26 13:23:32.742000-03:00,4.118
2026-08-26,2026-08-26 13:23:35.786000-03:00,3.044
2026-08-26,2026-08-26 13:23:44.942000-03:00,9.156
2026-08-26,2026-08-26 13:23:46.733000-03:00,1.791
2026-08-26,2026-08-26 13:23:48.251000-03:00,1.518
2026-08-26,2026-08-26 13:23:50.411000-03:00,2.16
2026-08-26,2026-08-26 13:23:53.889000-03:00,3.478
2026-08-26,2026-08-26 13:23:57.734000-03:00,3.845
2026-08-26,2026-08-26 13:24:02.002000-03:00,4.268
2026-08-26,2026-08-26 13:24:04.018000-03:00,2.016
2026-08-26,2026-08-26 13:24:14.981000-03:00,10.963
2026-08-26,2026-08-26 13:24:18.267000-03:00,3.286
2026-08-26,2026-08-26 13:24:20.523000-03:00,2.256
2026-08-26,2026-08-26 13:24:28.118000-03:00,7.595
2026-08-26,2026-08-26 13:24:29.855000-03:00,1.737
2026-08-26,2026-08-26 13:24:35.206000-03:00,5.351
2026-08-26,2026-08-26 13:24:37.875000-03:00,2.669
2026-08-26,2026-08-26 13:24:45.362000-03:00,7.487
2026-08-26,2026-08-26 13:24:48.200000-03:00,2.838
2026-08-26,2026-08-26 13:24:50.841000-03:00,2.641
2026-08-26,2026-08-26 13:24:53.160000-03:00,2.319
2026-08-26,2026-08-26 13:24:55.984000-03:00,2.824
2026-08-26,2026-08-26 13:25:00.013000-03:00,4.029
2026-08-26,2026-08-26 13:25:02.475000-03:00,2.462
2026-08-26,2026-08-26 13:25:05.560000-03:00,3.085
2026-08-26,2026-08-26 13:25:08.358000-03:00,2.798
2026-08-26,2026-08-26 13:25:14.114000-03:00,5.756
2026-08-26,2026-08-26 13:25:19.071000-03:00,4.957
2026-08-26,2026-08-26 13:25:21.217000-03:00,2.146
2026-08-26,2026-08-26 13:25:22.886000-03:00,1.669
2026-08-26,2026-08-26 13:25:34.014000-03:00,11.128
2026-08-26,2026-08-26 13:25:46.915000-03:00,12.901
2026-08-26,2026-08-26 13:25:50.859000-03:00,3.944
2026-08-26,2026-08-26 13:25:54.860000-03:00,4.001
2026-08-26,2026-08-26 13:25:58.409000-03:00,3.549
2026-08-26,2026-08-26 13:26:02.114000-03:00,3.705
2026-08-26,2026-08-26 13:26:04.196000-03:00,2.082
2026-08-26,2026-08-26 13:26:07.801000-03:00,3.605
2026-08-26,2026-08-26 13:26:10.173000-03:00,2.372
2026-08-26,2026-08-26 13:26:12.903000-03:00,2.73
2026-08-26,2026-08-26 13:26:15.645000-03:00,2.742
2026-08-26,2026-08-26 13:26:17.997000-03:00,2.352
2026-08-26,2026-08-26 13:26:25.750000-03:00,7.753
2026-08-26,2026-08-26 13:26:28.393000-03:00,2.643
2026-08-26,2026-08-26 13:26:31.049000-03:00,2.656
2026-08-26,2026-08-26 13:26:34.502000-03:00,3.453
2026-08-26,2026-08-26 13:26:41.816000-03:00,7.314
2026-08-26,2026-08-26 13:26:49.439000-03:00,7.623
2026-08-26,2026-08-26 13:26:53.178000-03:00,3.739
2026-08-26,2026-08-26 13:27:04.111000-03:00,10.933
2026-08-26,2026-08-26 13:27:08.502000-03:00,4.391
2026-08-26,2026-08-26 13:27:11.272000-03:00,2.77
2026-08-26,2026-08-26 13:27:14.062000-03:00,2.79
2026-08-26,2026-08-26 13:27:15.748000-03:00,1.686
2026-08-26,2026-08-26 13:27:18.520000-03:00,2.772
2026-08-26,2026-08-26 13:27:22.769000-03:00,4.249
2026-08-26,2026-08-26 13:27:25.923000-03:00,3.154
2026-08-26,2026-08-26 13:27:28.599000-03:00,2.676
2026-08-26,2026-08-26 13:27:31.253000-03:00,2.654
2026-08-26,2026-08-26 13:27:33.438000-03:00,2.185
2026-08-26,2026-08-26 13:27:36.893000-03:00,3.455
2026-08-26,2026-08-26 13:27:40.371000-03:00,3.478
2026-08-26,2026-08-26 13:27:42.619000-03:00,2.248
2026-08-26,2026-08-26 13:27:45.241000-03:00,2.622
2026-08-26,2026-08-26 13:27:56.094000-03:00,10.853
2026-08-26,2026-08-26 13:27:58.457000-03:00,2.363
2026-08-26,2026-08-26 13:28:01.592000-03:00,3.135
2026-08-26,2026-08-26 13:28:11.489000-03:00,9.897
2026-08-26,2026-08-26 13:28:14.990000-03:00,3.501
2026-08-26,2026-08-26 13:28:17.839000-03:00,2.849
2026-08-26,2026-08-26 13:28:22.506000-03:00,4.667
2026-08-26,2026-08-26 13:28:28.205000-03:00,5.699
2026-08-26,2026-08-26 13:28:31.073000-03:00,2.868
2026-08-26,2026-08-26 13:28:34.044000-03:00,2.971
2026-08-26,2026-08-26 13:28:43.889000-03:00,9.845
2026-08-26,2026-08-26 13:28:46.824000-03:00,2.935
2026-08-26,2026-08-26 13:28:49.486000-03:00,2.662
2026-08-26,2026-08-26 13:28:52.939000-03:00,3.453
2026-08-26,2026-08-26 13:28:54.851000-03:00,1.912
2026-08-26,2026-08-26 13:28:59.641000-03:00,4.79
2026-08-26,2026-08-26 13:29:01.735000-03:00,2.094
2026-08-26,2026-08-26 13:29:04.972000-03:00,3.237
2026-08-26,2026-08-26 13:29:08.144000-03:00,3.172
2026-08-26,2026-08-26 13:29:14.316000-03:00,6.172
2026-08-26,2026-08-26 13:29:23.677000-03:00,9.361
2026-08-26,2026-08-26 13:29:26.834000-03:00,3.157
2026-08-26,2026-08-26 13:29:29.055000-03:00,2.221
2026-08-26,2026-08-26 13:29:33.011000-03:00,3.956
2026-08-26,2026-08-26 13:29:34.742000-03:00,1.731
2026-08-26,2026-08-26 13:29:39.505000-03:00,4.763
2026-08-26,2026-08-26 13:29:43.074000-03:00,3.569
2026-08-26,2026-08-26 13:29:46.454000-03:00,3.38
2026-08-26,2026-08-26 13:29:55.370000-03:00,8.916
2026-08-26,2026-08-26 13:29:58.174000-03:00,2.804
2026-08-31,2026-08-31 12:10:02.649000-03:00,3.274
2026-08-31,2026-08-31 12:10:07.499000-03:00,4.85
2026-08-31,2026-08-31 12:10:11.744000-03:00,4.245
2026-08-31,2026-08-31 12:10:14.237000-03:00,2.493
2026-08-31,2026-08-31 12:10:16.808000-03:00,2.571
2026-08-31,2026-08-31 12:10:19.466000-03:00,2.658
2026-08-31,2026-08-31 12:10:22.017000-03:00,2.551
2026-08-31,2026-08-31 12:10:24.203000-03:00,2.186
2026-08-31,2026-08-31 12:10:27.563000-03:00,3.36
2026-08-31,2026-08-31 12:10:30.457000-03:00,2.894
2026-08-31,2026-08-31 12:10:32.665000-03:00,2.208
2026-08-31,2026-08-31 12:10:35.184000-03:00,2.519
2026-08-31,2026-08-31 12:10:37.093000-03:00,1.909
2026-08-31,2026-08-31 12:10:39.518000-03:00,2.425
2026-08-31,2026-08-31 12:10:42.555000-03:00,3.037
2026-08-31,2026-08-31 12:10:45.451000-03:00,2.896
2026-08-31,2026-08-31 12:10:47.079000-03:00,1.628
2026-08-31,2026-08-31 12:10:48.686000-03:00,1.607
2026-08-31,2026-08-31 12:10:51.590000-03:00,2.904
2026-08-31,2026-08-31 12:10:54.437000-03:00,2.847
2026-08-31,2026-08-31 12:10:56.677000-03:00,2.24
2026-08-31,2026-08-31 12:11:01.364000-03:00,4.687
2026-08-31,2026-08-31 12:11:04.253000-03:00,2.889
2026-08-31,2026-08-31 12:11:06.792000-03:00,2.539
2026-08-31,2026-08-31 12:11:14.224000-03:00,7.432
2026-08-31,2026-08-31 12:11:17.112000-03:00,2.888
2026-08-31,2026-08-31 12:11:19.503000-03:00,2.391
2026-08-31,2026-08-31 12:11:21.559000-03:00,2.056
2026-08-31,2026-08-31 12:11:23.986000-03:00,2.427
2026-08-31,2026-08-31 12:11:26.097000-03:00,2.111
2026-08-31,2026-08-31 12:11:28.498000-03:00,2.401
2026-08-31,2026-08-31 12:11:30.823000-03:00,2.325
2026-08-31,2026-08-31 12:11:32.995000-03:00,2.172
2026-08-31,2026-08-31 12:11:36.019000-03:00,3.024
2026-08-31,2026-08-31 12:11:40.083000-03:00,4.064
2026-08-31,2026-08-31 12:11:51.106000-03:00,11.023
2026-08-31,2026-08-31 12:11:54.348000-03:00,3.242
2026-08-31,2026-08-31 12:11:56.017000-03:00,1.669
2026-08-31,2026-08-31 12:12:00.750000-03:00,4.733
2026-08-31,2026-08-31 12:12:18.493000-03:00,17.743
2026-08-31,2026-08-31 12:12:22.556000-03:00,4.063
2026-08-31,2026-08-31 12:12:27.834000-03:00,5.278
2026-08-31,2026-08-31 12:12:30.093000-03:00,2.259
2026-08-31,2026-08-31 12:12:33.302000-03:00,3.209
2026-08-31,2026-08-31 12:12:36.654000-03:00,3.352
2026-08-31,2026-08-31 12:13:18.887000-03:00,5.571
2026-08-31,2026-08-31 12:13:20.826000-03:00,1.939
2026-08-31,2026-08-31 12:13:23.377000-03:00,2.551
2026-08-31,2026-08-31 12:13:25.222000-03:00,1.845
2026-08-31,2026-08-31 12:13:27.537000-03:00,2.315
2026-08-31,2026-08-31 12:13:32.707000-03:00,5.17
2026-08-31,2026-08-31 12:13:34.623000-03:00,1.916
2026-08-31,2026-08-31 12:13:36.810000-03:00,2.187
2026-08-31,2026-08-31 12:13:39.391000-03:00,2.581
2026-08-31,2026-08-31 12:13:48.385000-03:00,8.994
2026-08-31,2026-08-31 12:13:51.236000-03:00,2.851
2026-08-31,2026-08-31 12:13:53.941000-03:00,2.705
2026-08-31,2026-08-31 12:13:56.509000-03:00,2.568
2026-08-31,2026-08-31 12:14:00.841000-03:00,4.332
2026-08-31,2026-08-31 12:14:03.274000-03:00,2.433
2026-08-31,2026-08-31 12:14:06.908000-03:00,3.634
2026-08-31,2026-08-31 12:14:21.049000-03:00,14.141
2026-08-31,2026-08-31 12:14:25.286000-03:00,4.237
2026-08-31,2026-08-31 12:14:27.447000-03:00,2.161
2026-08-31,2026-08-31 12:14:28.374000-03:00,0.927
2026-08-31,2026-08-31 12:14:32.366000-03:00,3.992
2026-08-31,2026-08-31 12:14:35.860000-03:00,3.494
2026-08-31,2026-08-31 12:14:38.743000-03:00,2.883
2026-08-31,2026-08-31 12:14:40.687000-03:00,1.944
2026-08-31,2026-08-31 12:14:46.039000-03:00,5.352
2026-08-31,2026-08-31 12:14:49.257000-03:00,3.218
2026-08-31,2026-08-31 12:14:51.463000-03:00,2.206
2026-08-31,2026-08-31 12:14:54.114000-03:00,2.651
2026-08-31,2026-08-31 12:14:56.342000-03:00,2.228
2026-08-31,2026-08-31 12:14:59.513000-03:00,3.171
2026-08-31,2026-08-31 12:15:07.524000-03:00,8.011
2026-08-31,2026-08-31 12:15:11.429000-03:00,3.905
2026-08-31,2026-08-31 12:15:14.163000-03:00,2.734
2026-08-31,2026-08-31 12:15:16.030000-03:00,1.867
2026-08-31,2026-08-31 12:15:18.410000-03:00,2.38
2026-08-31,2026-08-31 12:15:20.550000-03:00,2.14
2026-08-31,2026-08-31 12:15:24.492000-03:00,3.942
2026-08-31,2026-08-31 12:15:27.649000-03:00,3.157
2026-08-31,2026-08-31 12:15:29.944000-03:00,2.295
2026-08-31,2026-08-31 12:15:32.535000-03:00,2.591
2026-08-31,2026-08-31 12:15:35.220000-03:00,2.685
2026-08-31,2026-08-31 12:15:39.141000-03:00,3.921
2026-08-31,2026-08-31 12:15:41.227000-03:00,2.086
2026-08-31,2026-08-31 12:15:44.715000-03:00,3.488
2026-08-31,2026-08-31 12:15:47.116000-03:00,2.401
2026-08-31,2026-08-31 12:15:49.590000-03:00,2.474
2026-08-31,2026-08-31 12:15:52.897000-03:00,3.307
2026-08-31,2026-08-31 12:15:54.800000-03:00,1.903
2026-08-31,2026-08-31 12:15:58.202000-03:00,3.402
2026-08-31,2026-08-31 12:16:00.800000-03:00,2.598
2026-08-31,2026-08-31 12:16:03.325000-03:00,2.525
2026-08-31,2026-08-31 12:16:06.272000-03:00,2.947
2026-08-31,2026-08-31 12:16:09.199000-03:00,2.927
2026-08-31,2026-08-31 12:16:11.036000-03:00,1.837
2026-08-31,2026-08-31 12:16:35.235000-03:00,24.199
2026-08-31,2026-08-31 12:16:38.676000-03:00,3.441
2026-08-31,2026-08-31 12:16:41.294000-03:00,2.618
2026-08-31,2026-08-31 12:16:42.859000-03:00,1.565
2026-08-31,2026-08-31 12:16:44.659000-03:00,1.8
2026-08-31,2026-08-31 12:16:47.047000-03:00,2.388
2026-08-31,2026-08-31 12:16:49.673000-03:00,2.626
2026-08-31,2026-08-31 12:16:51.720000-03:00,2.047
2026-08-31,2026-08-31 12:16:53.767000-03:00,2.047
2026-08-31,2026-08-31 12:16:55.671000-03:00,1.904
2026-08-31,2026-08-31 12:16:57.517000-03:00,1.846
2026-08-31,2026-08-31 12:17:02.597000-03:00,5.08
2026-08-31,2026-08-31 12:17:04.690000-03:00,2.093
2026-08-31,2026-08-31 12:17:06.985000-03:00,2.295
2026-08-31,2026-08-31 12:17:10.154000-03:00,3.169
2026-08-31,2026-08-31 12:17:12.773000-03:00,2.619
2026-08-31,2026-08-31 12:17:16.054000-03:00,3.281
2026-08-31,2026-08-31 12:17:28.436000-03:00,12.382
2026-08-31,2026-08-31 12:17:31.287000-03:00,2.851
2026-08-31,2026-08-31 12:17:32.802000-03:00,1.515
2026-08-31,2026-08-31 12:17:46.500000-03:00,13.698
2026-08-31,2026-08-31 12:17:50.407000-03:00,3.907
2026-08-31,2026-08-31 12:17:53.487000-03:00,3.08
2026-08-31,2026-08-31 12:17:55.614000-03:00,2.127
2026-08-31,2026-08-31 12:17:58.017000-03:00,2.403
2026-08-31,2026-08-31 12:17:59.824000-03:00,1.807
2026-08-31,2026-08-31 12:18:01.991000-03:00,2.167
2026-08-31,2026-08-31 12:18:06.238000-03:00,4.247
2026-08-31,2026-08-31 12:18:15.276000-03:00,9.038
2026-08-31,2026-08-31 12:18:21.552000-03:00,6.276
2026-08-31,2026-08-31 12:18:25.124000-03:00,3.572
2026-08-31,2026-08-31 12:18:28.911000-03:00,3.787
2026-08-31,2026-08-31 12:18:53.971000-03:00,25.06
2026-08-31,2026-08-31 12:18:57.115000-03:00,3.144
2026-08-31,2026-08-31 12:18:59.592000-03:00,2.477
2026-08-31,2026-08-31 12:19:01.881000-03:00,2.289
2026-08-31,2026-08-31 12:19:04.383000-03:00,2.502
2026-08-31,2026-08-31 12:19:07.833000-03:00,3.45
2026-08-31,2026-08-31 12:19:09.492000-03:00,1.659
2026-08-31,2026-08-31 12:19:11.419000-03:00,1.927
2026-08-31,2026-08-31 12:19:15.752000-03:00,4.333
2026-08-31,2026-08-31 12:19:18.901000-03:00,3.149
2026-08-31,2026-08-31 12:19:20.884000-03:00,1.983
2026-08-31,2026-08-31 12:19:24.244000-03:00,3.36
2026-08-31,2026-08-31 12:19:26.625000-03:00,2.381
2026-08-31,2026-08-31 12:19:28.757000-03:00,2.132
2026-08-31,2026-08-31 12:19:31.936000-03:00,3.179
2026-08-31,2026-08-31 12:19:34.960000-03:00,3.024
2026-08-31,2026-08-31 12:19:38.104000-03:00,3.144
2026-08-31,2026-08-31 12:19:40.845000-03:00,2.741
2026-08-31,2026-08-31 12:19:45.892000-03:00,5.047
2026-08-31,2026-08-31 12:19:48.664000-03:00,2.772
2026-08-31,2026-08-31 12:19:51.098000-03:00,2.434
2026-08-31,2026-08-31 12:19:53.332000-03:00,2.234
2026-08-31,2026-08-31 12:19:55.207000-03:00,1.875
2026-08-31,2026-08-31 12:19:57.303000-03:00,2.096
2026-08-31,2026-08-31 12:20:03.663000-03:00,6.36
2026-08-31,2026-08-31 12:20:05.923000-03:00,2.26
2026-08-31,2026-08-31 12:20:12.415000-03:00,6.492
2026-08-31,2026-08-31 12:20:15.025000-03:00,2.61
2026-08-31,2026-08-31 12:20:16.610000-03:00,1.585
2026-08-31,2026-08-31 12:20:19.001000-03:00,2.391
2026-08-31,2026-08-31 12:20:20.967000-03:00,1.966
2026-08-31,2026-08-31 12:20:24.050000-03:00,3.083
2026-08-31,2026-08-31 12:20:26.873000-03:00,2.823
2026-08-31,2026-08-31 12:20:28.945000-03:00,2.072
2026-08-31,2026-08-31 12:20:30.736000-03:00,1.791
2026-08-31,2026-08-31 12:20:33.454000-03:00,2.718
2026-08-31,2026-08-31 12:20:36.752000-03:00,3.298
2026-08-31,2026-08-31 12:20:39.206000-03:00,2.454
2026-08-31,2026-08-31 12:20:41.329000-03:00,2.123
2026-08-31,2026-08-31 12:20:43.501000-03:00,2.172
2026-08-31,2026-08-31 12:20:45.799000-03:00,2.298
2026-08-31,2026-08-31 12:20:48.726000-03:00,2.927
2026-08-31,2026-08-31 12:20:58.156000-03:00,9.43
2026-08-31,2026-08-31 12:21:01.214000-03:00,3.058
2026-08-31,2026-08-31 12:21:09.944000-03:00,8.73
2026-08-31,2026-08-31 12:21:12.970000-03:00,3.026
2026-08-31,2026-08-31 12:21:23.042000-03:00,10.072
2026-08-31,2026-08-31 12:21:26.215000-03:00,3.173
2026-08-31,2026-08-31 12:21:29.084000-03:00,2.869
2026-08-31,2026-08-31 12:21:30.936000-03:00,1.852
2026-08-31,2026-08-31 12:21:33.480000-03:00,2.544
2026-08-31,2026-08-31 12:21:36.617000-03:00,3.137
2026-08-31,2026-08-31 12:21:40.006000-03:00,3.389
2026-08-31,2026-08-31 12:21:42.378000-03:00,2.372
2026-08-31,2026-08-31 12:21:44.491000-03:00,2.113
2026-08-31,2026-08-31 12:21:46.692000-03:00,2.201
2026-08-31,2026-08-31 12:21:49.440000-03:00,2.748
2026-08-31,2026-08-31 12:21:52.425000-03:00,2.985
2026-08-31,2026-08-31 12:21:54.994000-03:00,2.569
2026-08-31,2026-08-31 12:22:00.113000-03:00,5.119
2026-08-31,2026-08-31 12:22:04.560000-03:00,4.447
2026-08-31,2026-08-31 12:22:07.523000-03:00,2.963
2026-08-31,2026-08-31 12:22:10.772000-03:00,3.249
2026-08-31,2026-08-31 12:22:14.535000-03:00,3.763
2026-08-31,2026-08-31 12:22:16.557000-03:00,2.022
2026-08-31,2026-08-31 12:22:18.662000-03:00,2.105
2026-08-31,2026-08-31 12:22:21.534000-03:00,2.872
2026-08-31,2026-08-31 12:22:25.049000-03:00,3.515
2026-08-31,2026-08-31 12:22:26.982000-03:00,1.933
2026-08-31,2026-08-31 12:22:29.379000-03:00,2.397
2026-08-31,2026-08-31 12:22:40.240000-03:00,10.861
2026-08-31,2026-08-31 12:22:43.425000-03:00,3.185
2026-08-31,2026-08-31 12:22:46.477000-03:00,3.052
2026-08-31,2026-08-31 12:22:52.191000-03:00,5.714
2026-08-31,2026-08-31 12:22:56.201000-03:00,4.01
2026-08-31,2026-08-31 12:22:59.886000-03:00,3.685
2026-08-31,2026-08-31 12:23:01.542000-03:00,1.656
2026-08-31,2026-08-31 12:23:03.507000-03:00,1.965
2026-08-31,2026-08-31 12:23:06.909000-03:00,3.402
2026-08-31,2026-08-31 12:23:09.344000-03:00,2.435
2026-08-31,2026-08-31 12:23:11.719000-03:00,2.375
2026-08-31,2026-08-31 12:23:21.835000-03:00,10.116
2026-08-31,2026-08-31 12:23:39.083000-03:00,17.248
2026-08-31,2026-08-31 12:23:45.140000-03:00,6.057
2026-08-31,2026-08-31 12:23:47.815000-03:00,2.675
2026-08-31,2026-08-31 12:23:50.008000-03:00,2.193
2026-08-31,2026-08-31 12:23:52.225000-03:00,2.217
2026-08-31,2026-08-31 12:23:55.159000-03:00,2.934
2026-08-31,2026-08-31 12:23:59.399000-03:00,4.24
2026-08-31,2026-08-31 12:24:02.322000-03:00,2.923
2026-08-31,2026-08-31 12:24:04.514000-03:00,2.192
2026-08-31,2026-08-31 12:24:06.916000-03:00,2.402
2026-08-31,2026-08-31 12:24:08.967000-03:00,2.051
2026-08-31,2026-08-31 12:24:11.174000-03:00,2.207
2026-08-31,2026-08-31 12:24:17.692000-03:00,6.518
2026-08-31,2026-08-31 12:24:19.881000-03:00,2.189
2026-08-31,2026-08-31 12:24:22.337000-03:00,2.456
2026-08-31,2026-08-31 12:24:25.490000-03:00,3.153
2026-08-31,2026-08-31 12:24:37.681000-03:00,12.191
2026-08-31,2026-08-31 12:24:40.831000-03:00,3.15
2026-08-31,2026-08-31 12:24:46.654000-03:00,5.823
2026-08-31,2026-08-31 12:24:50.075000-03:00,3.421
2026-08-31,2026-08-31 12:24:52.645000-03:00,2.57
2026-08-31,2026-08-31 12:24:55.065000-03:00,2.42
2026-08-31,2026-08-31 12:24:57.930000-03:00,2.865
2026-08-31,2026-08-31 12:25:00.114000-03:00,2.184
2026-08-31,2026-08-31 12:25:02.715000-03:00,2.601
2026-08-31,2026-08-31 12:25:05.609000-03:00,2.894
2026-08-31,2026-08-31 12:25:08.329000-03:00,2.72
2026-08-31,2026-08-31 12:25:11.334000-03:00,3.005
2026-08-31,2026-08-31 12:25:15.416000-03:00,4.082
2026-08-31,2026-08-31 12:25:17.564000-03:00,2.148
2026-08-31,2026-08-31 12:25:20.437000-03:00,2.873
2026-08-31,2026-08-31 12:25:22.698000-03:00,2.261
2026-08-31,2026-08-31 12:25:25.553000-03:00,2.855
2026-08-31,2026-08-31 12:25:27.857000-03:00,2.304
2026-08-31,2026-08-31 12:25:32.289000-03:00,4.432
2026-08-31,2026-08-31 12:25:34.184000-03:00,1.895
2026-08-31,2026-08-31 12:25:38.163000-03:00,3.979
2026-08-31,2026-08-31 12:25:41.090000-03:00,2.927
2026-08-31,2026-08-31 12:25:57.448000-03:00,16.358
2026-08-31,2026-08-31 12:26:01.686000-03:00,4.238
2026-08-31,2026-08-31 12:26:04.720000-03:00,3.034
2026-08-31,2026-08-31 12:26:06.598000-03:00,1.878
2026-08-31,2026-08-31 12:26:08.560000-03:00,1.962
2026-08-31,2026-08-31 12:26:11.934000-03:00,3.374
2026-08-31,2026-08-31 12:26:15.822000-03:00,3.888
2026-08-31,2026-08-31 12:26:21.737000-03:00,5.915
2026-08-31,2026-08-31 12:26:24.452000-03:00,2.715
2026-08-31,2026-08-31 12:26:27.662000-03:00,3.21
2026-08-31,2026-08-31 12:26:30.501000-03:00,2.839
2026-08-31,2026-08-31 12:26:32.967000-03:00,2.466
2026-08-31,2026-08-31 12:26:35.248000-03:00,2.281
2026-08-31,2026-08-31 12:26:37.428000-03:00,2.18
2026-08-31,2026-08-31 12:26:44.864000-03:00,7.436
2026-08-31,2026-08-31 12:26:48.420000-03:00,3.556
2026-08-31,2026-08-31 12:26:50.798000-03:00,2.378
2026-08-31,2026-08-31 12:26:53.084000-03:00,2.286
2026-08-31,2026-08-31 12:26:56.147000-03:00,3.063
2026-08-31,2026-08-31 12:26:58.295000-03:00,2.148
2026-08-31,2026-08-31 12:27:00.256000-03:00,1.961
2026-08-31,2026-08-31 12:27:03.843000-03:00,3.587
2026-08-31,2026-08-31 12:27:07.220000-03:00,3.377
2026-08-31,2026-08-31 12:27:10.343000-03:00,3.123
2026-08-31,2026-08-31 12:27:12.948000-03:00,2.605
2026-08-31,2026-08-31 12:27:15.503000-03:00,2.555
2026-08-31,2026-08-31 12:27:25.020000-03:00,9.517
2026-08-31,2026-08-31 12:27:27.674000-03:00,2.654
2026-08-31,2026-08-31 12:27:29.440000-03:00,1.766
2026-08-31,2026-08-31 12:27:32.578000-03:00,3.138
2026-08-31,2026-08-31 12:27:34.369000-03:00,1.791
2026-08-31,2026-08-31 12:27:43.563000-03:00,9.194
2026-08-31,2026-08-31 12:27:45.621000-03:00,2.058
2026-08-31,2026-08-31 12:27:52.825000-03:00,7.204
2026-08-31,2026-08-31 12:27:55.098000-03:00,2.273
2026-08-31,2026-08-31 12:27:57.330000-03:00,2.232
2026-08-31,2026-08-31 12:27:59.274000-03:00,1.944
2026-08-31,2026-08-31 12:28:01.185000-03:00,1.911
2026-08-31,2026-08-31 12:28:11.472000-03:00,10.287
2026-08-31,2026-08-31 12:28:15.510000-03:00,4.038
2026-08-31,2026-08-31 12:28:31.421000-03:00,15.911
2026-08-31,2026-08-31 12:28:34.868000-03:00,3.447
2026-08-31,2026-08-31 12:28:40.258000-03:00,5.39
2026-08-31,2026-08-31 12:28:41.598000-03:00,1.34
2026-08-31,2026-08-31 12:28:47.167000-03:00,5.569
2026-08-31,2026-08-31 12:28:49.495000-03:00,2.328
2026-08-31,2026-08-31 12:28:52.231000-03:00,2.736
2026-08-31,2026-08-31 12:28:54.781000-03:00,2.55
2026-08-31,2026-08-31 12:28:56.845000-03:00,2.064
2026-08-31,2026-08-31 12:29:03.506000-03:00,6.661
2026-08-31,2026-08-31 12:29:08.048000-03:00,4.542
2026-08-31,2026-08-31 12:29:10.584000-03:00,2.536
2026-08-31,2026-08-31 12:29:13.658000-03:00,3.074
2026-08-31,2026-08-31 12:29:17.101000-03:00,3.443
2026-08-31,2026-08-31 12:29:19.657000-03:00,2.556
2026-08-31,2026-08-31 12:29:22.501000-03:00,2.844
2026-08-31,2026-08-31 12:29:25.278000-03:00,2.777
2026-08-31,2026-08-31 12:29:27.038000-03:00,1.76
2026-08-31,2026-08-31 12:29:29.395000-03:00,2.357
2026-08-31,2026-08-31 12:29:32.698000-03:00,3.303
2026-08-31,2026-08-31 12:29:39.218000-03:00,6.52
2026-08-31,2026-08-31 12:29:47.041000-03:00,7.823
2026-08-31,2026-08-31 12:29:50.897000-03:00,3.856
2026-08-31,2026-08-31 12:29:55.634000-03:00,4.737
2026-08-31,2026-08-31 12:29:58.338000-03:00,2.704
2026-08-31,2026-08-31 12:30:00.790000-03:00,2.452
2026-08-31,2026-08-31 12:30:03.318000-03:00,2.528
2026-08-31,2026-08-31 12:30:07.006000-03:00,3.688
2026-08-31,2026-08-31 12:30:09.761000-03:00,2.755
2026-08-31,2026-08-31 12:30:14.467000-03:00,4.706
2026-08-31,2026-08-31 12:30:16.854000-03:00,2.387
2026-08-31,2026-08-31 12:30:18.969000-03:00,2.115
2026-08-31,2026-08-31 12:30:22.387000-03:00,3.418
2026-08-31,2026-08-31 12:30:32.373000-03:00,9.986
2026-08-31,2026-08-31 12:30:34.997000-03:00,2.624
2026-08-31,2026-08-31 12:30:46.704000-03:00,11.707
2026-08-31,2026-08-31 12:30:50.190000-03:00,3.486
2026-08-31,2026-08-31 12:30:52.646000-03:00,2.456
2026-08-31,2026-08-31 12:30:55.702000-03:00,3.056
2026-08-31,2026-08-31 12:30:58.289000-03:00,2.587
2026-08-31,2026-08-31 12:31:01.100000-03:00,2.811
2026-08-31,2026-08-31 12:31:03.887000-03:00,2.787
2026-08-31,2026-08-31 12:31:08.312000-03:00,4.425
2026-08-31,2026-08-31 12:31:10.607000-03:00,2.295
2026-08-31,2026-08-31 12:31:15.326000-03:00,4.719
2026-08-31,2026-08-31 12:31:17.953000-03:00,2.627
2026-08-31,2026-08-31 12:31:23.960000-03:00,6.007
2026-08-31,2026-08-31 12:31:29.208000-03:00,5.248
2026-08-31,2026-08-31 12:31:32.797000-03:00,3.589
2026-08-31,2026-08-31 12:31:35.441000-03:00,2.644
2026-08-31,2026-08-31 12:31:40.101000-03:00,4.66
2026-08-31,2026-08-31 12:31:42.494000-03:00,2.393
2026-08-31,2026-08-31 12:31:45.164000-03:00,2.67
2026-08-31,2026-08-31 12:31:47.995000-03:00,2.831
2026-08-31,2026-08-31 12:31:49.470000-03:00,1.475
2026-08-31,2026-08-31 12:31:54.884000-03:00,5.414
2026-08-31,2026-08-31 12:32:02.765000-03:00,7.881
2026-08-31,2026-08-31 12:32:07.803000-03:00,5.038
2026-08-31,2026-08-31 12:32:18.049000-03:00,10.246
2026-08-31,2026-08-31 12:32:21.259000-03:00,3.21
2026-08-31,2026-08-31 12:32:23.563000-03:00,2.304
2026-08-31,2026-08-31 12:32:26.220000-03:00,2.657
2026-08-31,2026-08-31 12:32:28.984000-03:00,2.764
2026-08-31,2026-08-31 12:32:31.164000-03:00,2.18
2026-08-31,2026-08-31 12:32:39.644000-03:00,8.48
2026-08-31,2026-08-31 12:32:44.021000-03:00,4.377
2026-08-31,2026-08-31 12:32:47.157000-03:00,3.136
2026-08-31,2026-08-31 12:32:59.212000-03:00,12.055
2026-08-31,2026-08-31 12:33:01.769000-03:00,2.557
2026-08-31,2026-08-31 12:33:05.692000-03:00,3.923
2026-08-31,2026-08-31 12:33:07.885000-03:00,2.193
2026-08-31,2026-08-31 12:33:14.770000-03:00,6.885
2026-08-31,2026-08-31 12:33:20.782000-03:00,6.012
2026-08-31,2026-08-31 12:33:22.769000-03:00,1.987
2026-08-31,2026-08-31 12:33:25.538000-03:00,2.769
2026-08-31,2026-08-31 12:33:28.218000-03:00,2.68
2026-08-31,2026-08-31 12:33:31.333000-03:00,3.115
2026-08-31,2026-08-31 12:33:34.441000-03:00,3.108
2026-08-31,2026-08-31 12:33:36.742000-03:00,2.301
2026-08-31,2026-08-31 12:33:46.807000-03:00,10.065
2026-08-31,2026-08-31 12:34:24.248000-03:00,4.037
2026-08-31,2026-08-31 12:34:42.349000-03:00,18.101
2026-08-31,2026-08-31 12:34:52.061000-03:00,9.712
2026-08-31,2026-08-31 12:34:54.989000-03:00,2.928
2026-08-31,2026-08-31 12:34:58.025000-03:00,3.036
2026-08-31,2026-08-31 12:35:02.094000-03:00,4.069
2026-08-31,2026-08-31 12:35:04.444000-03:00,2.35
2026-08-31,2026-08-31 12:35:06.424000-03:00,1.98
2026-08-31,2026-08-31 12:35:08.523000-03:00,2.099
2026-08-31,2026-08-31 12:35:17.743000-03:00,9.22
2026-08-31,2026-08-31 12:35:21.241000-03:00,3.498
2026-08-31,2026-08-31 12:35:23.899000-03:00,2.658
2026-08-31,2026-08-31 12:35:26.311000-03:00,2.412
2026-08-31,2026-08-31 12:35:28.986000-03:00,2.675
2026-08-31,2026-08-31 12:35:38.085000-03:00,9.099
2026-08-31,2026-08-31 12:35:42.654000-03:00,4.569
2026-08-31,2026-08-31 12:35:45.228000-03:00,2.574
2026-08-31,2026-08-31 12:35:49.553000-03:00,4.325
2026-08-31,2026-08-31 12:35:52.817000-03:00,3.264
2026-08-31,2026-08-31 12:35:55.428000-03:00,2.611
2026-08-31,2026-08-31 12:35:57.665000-03:00,2.237
2026-08-31,2026-08-31 12:36:01.268000-03:00,3.603
2026-08-31,2026-08-31 12:36:03.468000-03:00,2.2
2026-08-31,2026-08-31 12:36:19.922000-03:00,16.454
2026-08-31,2026-08-31 12:36:21.616000-03:00,1.694
2026-08-31,2026-08-31 12:36:25.843000-03:00,4.227
2026-08-31,2026-08-31 12:36:28.239000-03:00,2.396
2026-08-31,2026-08-31 12:36:31.066000-03:00,2.827
2026-08-31,2026-08-31 12:36:35.157000-03:00,4.091
2026-08-31,2026-08-31 12:36:37.456000-03:00,2.299
2026-08-31,2026-08-31 12:36:46.861000-03:00,9.405
2026-08-31,2026-08-31 12:36:56.137000-03:00,9.276
2026-08-31,2026-08-31 12:36:59.450000-03:00,3.313
2026-08-31,2026-08-31 12:37:01.792000-03:00,2.342
2026-08-31,2026-08-31 12:37:05.427000-03:00,3.635
2026-08-31,2026-08-31 12:37:07.535000-03:00,2.108
2026-08-31,2026-08-31 12:37:11.512000-03:00,3.977
2026-08-31,2026-08-31 12:37:14.285000-03:00,2.773
2026-08-31,2026-08-31 12:37:19.217000-03:00,4.932
2026-08-31,2026-08-31 12:37:21.296000-03:00,2.079
2026-08-31,2026-08-31 12:37:23.966000-03:00,2.67
2026-08-31,2026-08-31 12:37:27.599000-03:00,3.633
2026-08-31,2026-08-31 12:37:30.309000-03:00,2.71
2026-08-31,2026-08-31 12:37:32.622000-03:00,2.313
2026-08-31,2026-08-31 12:37:35.058000-03:00,2.436
2026-08-31,2026-08-31 12:37:37.655000-03:00,2.597
2026-08-31,2026-08-31 12:37:39.641000-03:00,1.986
2026-08-31,2026-08-31 12:37:49.079000-03:00,9.438
2026-08-31,2026-08-31 12:37:52.486000-03:00,3.407
2026-08-31,2026-08-31 12:37:55.372000-03:00,2.886
2026-08-31,2026-08-31 12:37:57.437000-03:00,2.065
2026-08-31,2026-08-31 12:37:59.563000-03:00,2.126
2026-08-31,2026-08-31 12:38:01.980000-03:00,2.417
2026-08-31,2026-08-31 12:38:04.327000-03:00,2.347
2026-08-31,2026-08-31 12:38:06.518000-03:00,2.191
2026-08-31,2026-08-31 12:38:09.767000-03:00,3.249
2026-08-31,2026-08-31 12:38:12.535000-03:00,2.768
2026-08-31,2026-08-31 12:38:15.983000-03:00,3.448
2026-08-31,2026-08-31 12:38:18.849000-03:00,2.866
2026-08-31,2026-08-31 12:38:21.745000-03:00,2.896
2026-08-31,2026-08-31 12:38:24.201000-03:00,2.456
2026-08-31,2026-08-31 12:38:27.954000-03:00,3.753
2026-08-31,2026-08-31 12:38:31.246000-03:00,3.292
2026-08-31,2026-08-31 12:38:33.515000-03:00,2.269
2026-08-31,2026-08-31 12:38:36.253000-03:00,2.738
2026-08-31,2026-08-31 12:38:41.196000-03:00,4.943
2026-08-31,2026-08-31 12:38:43.852000-03:00,2.656
2026-08-31,2026-08-31 12:38:46.727000-03:00,2.875
2026-08-31,2026-08-31 12:38:49.430000-03:00,2.703
2026-08-31,2026-08-31 12:38:52.072000-03:00,2.642
2026-08-31,2026-08-31 12:38:54.856000-03:00,2.784
2026-08-31,2026-08-31 12:38:58.626000-03:00,3.77
2026-08-31,2026-08-31 12:39:00.494000-03:00,1.868
2026-08-31,2026-08-31 12:39:03.087000-03:00,2.593
2026-08-31,2026-08-31 12:39:06.980000-03:00,3.893
2026-08-31,2026-08-31 12:39:11.077000-03:00,4.097
2026-08-31,2026-08-31 12:39:22.499000-03:00,11.422
2026-08-31,2026-08-31 12:39:25.776000-03:00,3.277
2026-08-31,2026-08-31 12:39:28.929000-03:00,3.153
2026-08-31,2026-08-31 12:39:31.916000-03:00,2.987
2026-08-31,2026-08-31 12:39:34.251000-03:00,2.335
2026-08-31,2026-08-31 12:39:36.547000-03:00,2.296
2026-08-31,2026-08-31 12:39:39.366000-03:00,2.819
2026-08-31,2026-08-31 12:39:41.808000-03:00,2.442
2026-08-31,2026-08-31 12:39:45.181000-03:00,3.373
2026-08-31,2026-08-31 12:39:48.028000-03:00,2.847
2026-08-31,2026-08-31 12:39:50.654000-03:00,2.626
2026-08-31,2026-08-31 12:39:58.251000-03:00,7.597
2026-08-31,2026-08-31 12:40:03.746000-03:00,5.495
2026-08-31,2026-08-31 12:40:05.134000-03:00,1.388
2026-08-31,2026-08-31 12:40:07.075000-03:00,1.941
2026-08-31,2026-08-31 12:40:11.181000-03:00,4.106
2026-08-31,2026-08-31 12:40:14.249000-03:00,3.068
2026-08-31,2026-08-31 12:40:21.554000-03:00,7.305
2026-08-31,2026-08-31 12:40:33.863000-03:00,12.309
2026-08-31,2026-08-31 12:40:37.068000-03:00,3.205
2026-08-31,2026-08-31 12:40:39.610000-03:00,2.542
2026-08-31,2026-08-31 12:40:41.855000-03:00,2.245
2026-08-31,2026-08-31 12:40:49.718000-03:00,7.863
2026-08-31,2026-08-31 12:40:57.928000-03:00,8.21
2026-08-31,2026-08-31 12:41:04.845000-03:00,6.917
2026-08-31,2026-08-31 12:41:10.397000-03:00,5.552
2026-08-31,2026-08-31 12:41:13.714000-03:00,3.317
2026-08-31,2026-08-31 12:41:16.624000-03:00,2.91
2026-08-31,2026-08-31 12:41:18.730000-03:00,2.106
2026-08-31,2026-08-31 12:41:21.116000-03:00,2.386
2026-08-31,2026-08-31 12:41:31.394000-03:00,10.278
2026-08-31,2026-08-31 12:41:40.200000-03:00,8.806
2026-08-31,2026-08-31 12:41:44.234000-03:00,4.034
2026-08-31,2026-08-31 12:41:48.327000-03:00,4.093
2026-08-31,2026-08-31 12:41:51.784000-03:00,3.457
2026-08-31,2026-08-31 12:41:54.019000-03:00,2.235
2026-08-31,2026-08-31 12:41:56.853000-03:00,2.834
2026-08-31,2026-08-31 12:41:59.425000-03:00,2.572
2026-08-31,2026-08-31 12:42:05.204000-03:00,5.779
2026-08-31,2026-08-31 12:42:10.824000-03:00,5.62
2026-08-31,2026-08-31 12:42:15.139000-03:00,4.315
2026-08-31,2026-08-31 12:42:18.395000-03:00,3.256
2026-08-31,2026-08-31 12:42:20.983000-03:00,2.588
2026-08-31,2026-08-31 12:42:24.332000-03:00,3.349
2026-08-31,2026-08-31 12:42:27.765000-03:00,3.433
2026-08-31,2026-08-31 12:42:31.942000-03:00,4.177
2026-08-31,2026-08-31 12:42:34.197000-03:00,2.255
2026-08-31,2026-08-31 12:42:43.491000-03:00,9.294
2026-08-31,2026-08-31 12:42:45.899000-03:00,2.408
2026-08-31,2026-08-31 12:42:48.025000-03:00,2.126
2026-08-31,2026-08-31 12:42:49.996000-03:00,1.971
2026-08-31,2026-08-31 12:42:53.237000-03:00,3.241
2026-08-31,2026-08-31 12:42:56.216000-03:00,2.979
2026-08-31,2026-08-31 12:42:58.361000-03:00,2.145
2026-08-31,2026-08-31 12:43:00.759000-03:00,2.398
2026-08-31,2026-08-31 12:43:04.726000-03:00,3.967
2026-08-31,2026-08-31 12:43:07.734000-03:00,3.008
2026-08-31,2026-08-31 12:43:10.545000-03:00,2.811
2026-08-31,2026-08-31 12:43:13.037000-03:00,2.492
2026-08-31,2026-08-31 12:43:21.186000-03:00,8.149
2026-08-31,2026-08-31 12:43:23.728000-03:00,2.542
2026-08-31,2026-08-31 12:43:26.762000-03:00,3.034
2026-08-31,2026-08-31 12:43:29.339000-03:00,2.577
2026-08-31,2026-08-31 12:43:31.240000-03:00,1.901
2026-08-31,2026-08-31 12:43:39.140000-03:00,7.9
2026-08-31,2026-08-31 12:43:43.021000-03:00,3.881
2026-08-31,2026-08-31 12:44:05.353000-03:00,22.332
2026-08-31,2026-08-31 12:44:09.620000-03:00,4.267
2026-08-31,2026-08-31 12:44:12.220000-03:00,2.6
2026-08-31,2026-08-31 12:44:14.639000-03:00,2.419
2026-08-31,2026-08-31 12:44:17.732000-03:00,3.093
2026-08-31,2026-08-31 12:44:21.908000-03:00,4.176
2026-08-31,2026-08-31 12:44:24.278000-03:00,2.37
2026-08-31,2026-08-31 12:44:26.691000-03:00,2.413
2026-08-31,2026-08-31 12:44:30.533000-03:00,3.842
2026-08-31,2026-08-31 12:44:33.142000-03:00,2.609
2026-08-31,2026-08-31 12:44:35.178000-03:00,2.036
2026-08-31,2026-08-31 12:44:37.129000-03:00,1.951
2026-08-31,2026-08-31 12:44:40.475000-03:00,3.346
2026-08-31,2026-08-31 12:44:43.680000-03:00,3.205
2026-08-31,2026-08-31 12:44:46.168000-03:00,2.488
2026-08-31,2026-08-31 12:44:56.220000-03:00,10.052
2026-08-31,2026-08-31 12:44:58.911000-03:00,2.691
2026-08-31,2026-08-31 12:45:01.391000-03:00,2.48
2026-08-31,2026-08-31 12:45:05.069000-03:00,3.678
2026-08-31,2026-08-31 12:45:08.812000-03:00,3.743
2026-08-31,2026-08-31 12:45:12.194000-03:00,3.382
2026-08-31,2026-08-31 12:45:15.748000-03:00,3.554
2026-08-31,2026-08-31 12:45:18.926000-03:00,3.178
2026-08-31,2026-08-31 12:45:21.422000-03:00,2.496
2026-08-31,2026-08-31 12:45:23.496000-03:00,2.074
2026-08-31,2026-08-31 12:45:26.760000-03:00,3.264
2026-08-31,2026-08-31 12:45:30.239000-03:00,3.479
2026-08-31,2026-08-31 12:45:44.755000-03:00,14.516
2026-08-31,2026-08-31 12:45:49.446000-03:00,4.691
2026-08-31,2026-08-31 12:45:52.170000-03:00,2.724
2026-08-31,2026-08-31 12:45:54.509000-03:00,2.339
2026-08-31,2026-08-31 12:45:57.100000-03:00,2.591
2026-08-31,2026-08-31 12:45:59.299000-03:00,2.199
2026-08-31,2026-08-31 12:46:01.744000-03:00,2.445
2026-08-31,2026-08-31 12:46:04.387000-03:00,2.643
2026-08-31,2026-08-31 12:46:07.642000-03:00,3.255
2026-08-31,2026-08-31 12:46:11.048000-03:00,3.406
2026-08-31,2026-08-31 12:46:13.380000-03:00,2.332
2026-08-31,2026-08-31 12:46:17.310000-03:00,3.93
2026-08-31,2026-08-31 12:46:19.914000-03:00,2.604
2026-08-31,2026-08-31 12:46:22.648000-03:00,2.734
2026-08-31,2026-08-31 12:46:40.463000-03:00,17.815
2026-08-31,2026-08-31 12:46:44.049000-03:00,3.586
2026-08-31,2026-08-31 12:46:46.962000-03:00,2.913
2026-08-31,2026-08-31 12:46:49.509000-03:00,2.547
2026-08-31,2026-08-31 12:46:51.378000-03:00,1.869
2026-08-31,2026-08-31 12:46:56.403000-03:00,5.025
2026-08-31,2026-08-31 12:47:00.503000-03:00,4.1
2026-08-31,2026-08-31 12:47:02.938000-03:00,2.435
2026-08-31,2026-08-31 12:47:05.458000-03:00,2.52
2026-08-31,2026-08-31 12:47:08.500000-03:00,3.042
2026-08-31,2026-08-31 12:47:09.528000-03:00,1.028
2026-08-31,2026-08-31 12:47:13.260000-03:00,3.732
2026-08-31,2026-08-31 12:47:15.996000-03:00,2.736
2026-08-31,2026-08-31 12:47:20.090000-03:00,4.094
2026-08-31,2026-08-31 12:47:23.531000-03:00,3.441
2026-08-31,2026-08-31 12:47:30.563000-03:00,7.032
2026-08-31,2026-08-31 12:47:33.499000-03:00,2.936
2026-08-31,2026-08-31 12:47:36.021000-03:00,2.522
2026-08-31,2026-08-31 12:47:38.936000-03:00,2.915
2026-08-31,2026-08-31 12:47:41.664000-03:00,2.728
2026-08-31,2026-08-31 12:47:47-03:00,5.336
2026-08-31,2026-08-31 12:47:50.875000-03:00,3.875
2026-08-31,2026-08-31 12:47:56.432000-03:00,5.557
2026-08-31,2026-08-31 12:47:59.015000-03:00,2.583
2026-08-31,2026-08-31 12:48:09.519000-03:00,10.504
2026-08-31,2026-08-31 12:48:13.584000-03:00,4.065
2026-08-31,2026-08-31 12:48:15.653000-03:00,2.069
2026-08-31,2026-08-31 12:48:18.583000-03:00,2.93
2026-08-31,2026-08-31 12:48:20.583000-03:00,2.0
2026-08-31,2026-08-31 12:48:22.743000-03:00,2.16
2026-08-31,2026-08-31 12:48:30.163000-03:00,7.42
2026-08-31,2026-08-31 12:48:32.380000-03:00,2.217
2026-08-31,2026-08-31 12:48:35.327000-03:00,2.947
2026-08-31,2026-08-31 12:48:37.940000-03:00,2.613
2026-08-31,2026-08-31 12:48:40.407000-03:00,2.467
2026-08-31,2026-08-31 12:48:43.378000-03:00,2.971
2026-08-31,2026-08-31 12:48:49.200000-03:00,5.822
2026-08-31,2026-08-31 12:48:58.711000-03:00,9.511
2026-08-31,2026-08-31 12:49:02.872000-03:00,4.161
2026-08-31,2026-08-31 12:49:05.466000-03:00,2.594
2026-08-31,2026-08-31 12:49:08.388000-03:00,2.922
2026-08-31,2026-08-31 12:49:11.123000-03:00,2.735
2026-08-31,2026-08-31 12:49:13.695000-03:00,2.572
2026-08-31,2026-08-31 12:49:16.588000-03:00,2.893
2026-08-31,2026-08-31 12:49:20.615000-03:00,4.027
2026-08-31,2026-08-31 12:49:25.072000-03:00,4.457
2026-08-31,2026-08-31 12:49:29.022000-03:00,3.95
2026-08-31,2026-08-31 12:49:33.304000-03:00,4.282
2026-08-31,2026-08-31 12:49:36.454000-03:00,3.15
2026-08-31,2026-08-31 12:49:41.160000-03:00,4.706
2026-08-31,2026-08-31 12:49:46.638000-03:00,5.478
2026-08-31,2026-08-31 12:49:49.437000-03:00,2.799
2026-08-31,2026-08-31 12:49:57.658000-03:00,8.221
2026-09-01,2026-09-01 12:10:00.638000-03:00,8.13
2026-09-01,2026-09-01 12:10:02.707000-03:00,2.069
2026-09-01,2026-09-01 12:10:05.462000-03:00,2.755
2026-09-01,2026-09-01 12:10:11.400000-03:00,5.938
2026-09-01,2026-09-01 12:10:13.915000-03:00,2.515
2026-09-01,2026-09-01 12:10:15.996000-03:00,2.081
2026-09-01,2026-09-01 12:10:18.536000-03:00,2.54
2026-09-01,2026-09-01 12:10:20.431000-03:00,1.895
2026-09-01,2026-09-01 12:10:22.328000-03:00,1.897
2026-09-01,2026-09-01 12:10:25.968000-03:00,3.64
2026-09-01,2026-09-01 12:10:31.051000-03:00,5.083
2026-09-01,2026-09-01 12:10:32.925000-03:00,1.874
2026-09-01,2026-09-01 12:10:35.353000-03:00,2.428
2026-09-01,2026-09-01 12:10:41.892000-03:00,6.539
2026-09-01,2026-09-01 12:10:45.549000-03:00,3.657
2026-09-01,2026-09-01 12:10:49.054000-03:00,3.505
2026-09-01,2026-09-01 12:10:51.196000-03:00,2.142
2026-09-01,2026-09-01 12:11:02.286000-03:00,11.09
2026-09-01,2026-09-01 12:11:04.959000-03:00,2.673
2026-09-01,2026-09-01 12:11:07.291000-03:00,2.332
2026-09-01,2026-09-01 12:11:09.930000-03:00,2.639
2026-09-01,2026-09-01 12:11:11.891000-03:00,1.961
2026-09-01,2026-09-01 12:11:21.072000-03:00,9.181
2026-09-01,2026-09-01 12:11:23.772000-03:00,2.7
2026-09-01,2026-09-01 12:11:26.487000-03:00,2.715
2026-09-01,2026-09-01 12:11:29.246000-03:00,2.759
2026-09-01,2026-09-01 12:11:31.675000-03:00,2.429
2026-09-01,2026-09-01 12:11:35.531000-03:00,3.856
2026-09-01,2026-09-01 12:11:39.043000-03:00,3.512
2026-09-01,2026-09-01 12:12:00.203000-03:00,21.16
2026-09-01,2026-09-01 12:12:05.199000-03:00,4.996
2026-09-01,2026-09-01 12:12:08.779000-03:00,3.58
2026-09-01,2026-09-01 12:12:13.954000-03:00,5.175
2026-09-01,2026-09-01 12:12:19.383000-03:00,5.429
2026-09-01,2026-09-01 12:12:21.916000-03:00,2.533
2026-09-01,2026-09-01 12:12:23.742000-03:00,1.826
2026-09-01,2026-09-01 12:12:26.421000-03:00,2.679
2026-09-01,2026-09-01 12:12:37.173000-03:00,10.752
2026-09-01,2026-09-01 12:12:39.273000-03:00,2.1
2026-09-01,2026-09-01 12:13:24.595000-03:00,13.174
2026-09-01,2026-09-01 12:13:26.374000-03:00,1.779
2026-09-01,2026-09-01 12:13:29.637000-03:00,3.263
2026-09-01,2026-09-01 12:13:33.238000-03:00,3.601
2026-09-01,2026-09-01 12:13:36.881000-03:00,3.643
2026-09-01,2026-09-01 12:13:38.897000-03:00,2.016
2026-09-01,2026-09-01 12:13:41.781000-03:00,2.884
2026-09-01,2026-09-01 12:13:43.829000-03:00,2.048
2026-09-01,2026-09-01 12:13:46.247000-03:00,2.418
2026-09-01,2026-09-01 12:13:48.998000-03:00,2.751
2026-09-01,2026-09-01 12:13:51.464000-03:00,2.466
2026-09-01,2026-09-01 12:13:53.594000-03:00,2.13
2026-09-01,2026-09-01 12:13:56.423000-03:00,2.829
2026-09-01,2026-09-01 12:13:58.462000-03:00,2.039
2026-09-01,2026-09-01 12:14:01.391000-03:00,2.929
2026-09-01,2026-09-01 12:14:03.984000-03:00,2.593
2026-09-01,2026-09-01 12:14:08.301000-03:00,4.317
2026-09-01,2026-09-01 12:14:12.088000-03:00,3.787
2026-09-01,2026-09-01 12:14:14.622000-03:00,2.534
2026-09-01,2026-09-01 12:14:17.251000-03:00,2.629
2026-09-01,2026-09-01 12:14:21.459000-03:00,4.208
2026-09-01,2026-09-01 12:14:24.416000-03:00,2.957
2026-09-01,2026-09-01 12:14:27.119000-03:00,2.703
2026-09-01,2026-09-01 12:14:29.993000-03:00,2.874
2026-09-01,2026-09-01 12:14:36.466000-03:00,6.473
2026-09-01,2026-09-01 12:14:39.105000-03:00,2.639
2026-09-01,2026-09-01 12:14:41.472000-03:00,2.367
2026-09-01,2026-09-01 12:14:43.870000-03:00,2.398
2026-09-01,2026-09-01 12:14:46.183000-03:00,2.313
2026-09-01,2026-09-01 12:14:48.083000-03:00,1.9
2026-09-01,2026-09-01 12:14:50.805000-03:00,2.722
2026-09-01,2026-09-01 12:14:53.357000-03:00,2.552
2026-09-01,2026-09-01 12:14:56.859000-03:00,3.502
2026-09-01,2026-09-01 12:14:58.850000-03:00,1.991
2026-09-01,2026-09-01 12:15:01.607000-03:00,2.757
2026-09-01,2026-09-01 12:15:04.493000-03:00,2.886
2026-09-01,2026-09-01 12:15:08.326000-03:00,3.833
2026-09-01,2026-09-01 12:15:11.065000-03:00,2.739
2026-09-01,2026-09-01 12:15:13.980000-03:00,2.915
2026-09-01,2026-09-01 12:15:15.971000-03:00,1.991
2026-09-01,2026-09-01 12:15:17.959000-03:00,1.988
2026-09-01,2026-09-01 12:15:20.801000-03:00,2.842
2026-09-01,2026-09-01 12:15:22.964000-03:00,2.163
2026-09-01,2026-09-01 12:15:25.456000-03:00,2.492
2026-09-01,2026-09-01 12:15:27.861000-03:00,2.405
2026-09-01,2026-09-01 12:15:31.824000-03:00,3.963
2026-09-01,2026-09-01 12:15:40.494000-03:00,8.67
2026-09-01,2026-09-01 12:15:42.543000-03:00,2.049
2026-09-01,2026-09-01 12:15:46.647000-03:00,4.104
2026-09-01,2026-09-01 12:15:49.620000-03:00,2.973
2026-09-01,2026-09-01 12:15:59.338000-03:00,9.718
2026-09-01,2026-09-01 12:16:04.163000-03:00,4.825
2026-09-01,2026-09-01 12:16:06.368000-03:00,2.205
2026-09-01,2026-09-01 12:16:08.786000-03:00,2.418
2026-09-01,2026-09-01 12:16:11.495000-03:00,2.709
2026-09-01,2026-09-01 12:16:13.558000-03:00,2.063
2026-09-01,2026-09-01 12:16:17.612000-03:00,4.054
2026-09-01,2026-09-01 12:16:20.094000-03:00,2.482
2026-09-01,2026-09-01 12:16:23.907000-03:00,3.813
2026-09-01,2026-09-01 12:16:26.899000-03:00,2.992
2026-09-01,2026-09-01 12:16:28.709000-03:00,1.81
2026-09-01,2026-09-01 12:16:31.392000-03:00,2.683
2026-09-01,2026-09-01 12:16:35.942000-03:00,4.55
2026-09-01,2026-09-01 12:16:38.270000-03:00,2.328
2026-09-01,2026-09-01 12:16:40.586000-03:00,2.316
2026-09-01,2026-09-01 12:16:44.178000-03:00,3.592
2026-09-01,2026-09-01 12:16:48.645000-03:00,4.467
2026-09-01,2026-09-01 12:17:10.798000-03:00,22.153
2026-09-01,2026-09-01 12:17:14.316000-03:00,3.518
2026-09-01,2026-09-01 12:17:20.270000-03:00,5.954
2026-09-01,2026-09-01 12:17:24.117000-03:00,3.847
2026-09-01,2026-09-01 12:17:26.702000-03:00,2.585
2026-09-01,2026-09-01 12:17:29.777000-03:00,3.075
2026-09-01,2026-09-01 12:17:32.176000-03:00,2.399
2026-09-01,2026-09-01 12:17:50.824000-03:00,18.648
2026-09-01,2026-09-01 12:17:54.996000-03:00,4.172
2026-09-01,2026-09-01 12:17:57.676000-03:00,2.68
2026-09-01,2026-09-01 12:18:00.926000-03:00,3.25
2026-09-01,2026-09-01 12:18:02.941000-03:00,2.015
2026-09-01,2026-09-01 12:18:05.933000-03:00,2.992
2026-09-01,2026-09-01 12:18:09.429000-03:00,3.496
2026-09-01,2026-09-01 12:18:11.279000-03:00,1.85
2026-09-01,2026-09-01 12:18:15.220000-03:00,3.941
2026-09-01,2026-09-01 12:18:20.533000-03:00,5.313
2026-09-01,2026-09-01 12:18:24.268000-03:00,3.735
2026-09-01,2026-09-01 12:18:26.686000-03:00,2.418
2026-09-01,2026-09-01 12:18:29.779000-03:00,3.093
2026-09-01,2026-09-01 12:18:32.855000-03:00,3.076
2026-09-01,2026-09-01 12:18:38.380000-03:00,5.525
2026-09-01,2026-09-01 12:18:41.260000-03:00,2.88
2026-09-01,2026-09-01 12:18:42.347000-03:00,1.087
2026-09-01,2026-09-01 12:18:45.402000-03:00,3.055
2026-09-01,2026-09-01 12:18:47.342000-03:00,1.94
2026-09-01,2026-09-01 12:18:49.985000-03:00,2.643
2026-09-01,2026-09-01 12:18:57.438000-03:00,7.453
2026-09-01,2026-09-01 12:19:10.108000-03:00,12.67
2026-09-01,2026-09-01 12:19:13.057000-03:00,2.949
2026-09-01,2026-09-01 12:19:16.632000-03:00,3.575
2026-09-01,2026-09-01 12:19:18.884000-03:00,2.252
2026-09-01,2026-09-01 12:19:21.585000-03:00,2.701
2026-09-01,2026-09-01 12:19:24.462000-03:00,2.877
2026-09-01,2026-09-01 12:19:26.446000-03:00,1.984
2026-09-01,2026-09-01 12:19:31.093000-03:00,4.647
2026-09-01,2026-09-01 12:19:32.837000-03:00,1.744
2026-09-01,2026-09-01 12:19:36.839000-03:00,4.002
2026-09-01,2026-09-01 12:19:48.451000-03:00,11.612
2026-09-01,2026-09-01 12:19:50.685000-03:00,2.234
2026-09-01,2026-09-01 12:19:54.215000-03:00,3.53
